<?xml version="1.0" encoding="UTF-8"?>
<metadata xml:lang="en"><Esri><CreaDate>20120329</CreaDate><CreaTime>08142600</CreaTime><ArcGISFormat>1.0</ArcGISFormat><ArcGISstyle>FGDC CSDGM Metadata</ArcGISstyle><SyncOnce>FALSE</SyncOnce><DataProperties><lineage><Process ToolSource="C:\Program Files\ArcGIS\Desktop10.0\ArcToolbox\Toolboxes\Data Management Tools.tbx\CalculateField" Date="20120329" Time="081426">CalculateField All_2011_Districts_Including_Ocean_3_28_2012 BallotType ""US" + cstr( [USDist]) + "-H" + right("0" + cstr( [HDist]), 2) + "-S" + right("0" + cstr( [SDist]), 2) + "-HON" + cstr( [CntyDist])" VB #</Process><Process ToolSource="C:\Program Files\ArcGIS\Desktop10.0\ArcToolbox\Toolboxes\Data Management Tools.tbx\CalculateField" Date="20120329" Time="081506">CalculateField All_2011_Districts_Including_Ocean_3_28_2012 BallotType ""US" + cstr( [USDist]) + "-H" + right("0" + cstr( [HDist]), 2) + "-S" + right("0" + cstr( [SDist]), 2) + "-HAW" + cstr( [CntyDist])" VB #</Process><Process ToolSource="C:\Program Files\ArcGIS\Desktop10.0\ArcToolbox\Toolboxes\Data Management Tools.tbx\CalculateField" Date="20120329" Time="081544">CalculateField All_2011_Districts_Including_Ocean_3_28_2012 BallotType ""US" + cstr( [USDist]) + "-H" + right("0" + cstr( [HDist]), 2) + "-S" + right("0" + cstr( [SDist]), 2) + "-MAU"" VB #</Process><Process ToolSource="C:\Program Files\ArcGIS\Desktop10.0\ArcToolbox\Toolboxes\Data Management Tools.tbx\CalculateField" Date="20120329" Time="081718">CalculateField All_2011_Districts_Including_Ocean_3_28_2012 BallotType ""US" + cstr( [USDist]) + "-H" + right("0" + cstr( [HDist]), 2) + "-S" + right("0" + cstr( [SDist]), 2) + "-KAU"" VB #</Process><Process ToolSource="C:\Program Files\ArcGIS\Desktop10.0\ArcToolbox\Toolboxes\Data Management Tools.tbx\CalculateField" Date="20120329" Time="081739">CalculateField All_2011_Districts_Including_Ocean_3_28_2012 BallotType ""US" + cstr( [USDist]) + "-H" + right("0" + cstr( [HDist]), 2) + "-S" + right("0" + cstr( [SDist]), 2) + "-MAU"" VB #</Process><Process ToolSource="C:\Program Files\ArcGIS\Desktop10.0\ArcToolbox\Toolboxes\Data Management Tools.tbx\CalculateField" Date="20120329" Time="083016">CalculateField All_2011_Districts_Including_Ocean_3_28_2012 CntyDist 9 VB #</Process><Process ToolSource="C:\Program Files\ArcGIS\Desktop10.0\ArcToolbox\Toolboxes\Data Management Tools.tbx\CalculateField" Date="20120329" Time="083031">CalculateField All_2011_Districts_Including_Ocean_3_28_2012 BallotType ""US" + cstr( [USDist]) + "-H" + right("0" + cstr( [HDist]), 2) + "-S" + right("0" + cstr( [SDist]), 2) + "-HAW9"" VB #</Process><Process ToolSource="C:\Program Files\ArcGIS\Desktop10.0\ArcToolbox\Toolboxes\Data Management Tools.tbx\CalculateField" Date="20120329" Time="085034">CalculateField All_2011_Districts_Including_Ocean_3_28_2012 SDist 24 VB #</Process><Process ToolSource="C:\Program Files\ArcGIS\Desktop10.0\ArcToolbox\Toolboxes\Data Management Tools.tbx\CalculateField" Date="20120329" Time="085115">CalculateField All_2011_Districts_Including_Ocean_3_28_2012 SDist 23 VB #</Process><Process ToolSource="C:\Program Files\ArcGIS\Desktop10.0\ArcToolbox\Toolboxes\Data Management Tools.tbx\CalculateField" Date="20120329" Time="085125">CalculateField All_2011_Districts_Including_Ocean_3_28_2012 HDist 48 VB #</Process><Process ToolSource="C:\Program Files\ArcGIS\Desktop10.0\ArcToolbox\Toolboxes\Data Management Tools.tbx\CalculateField" Date="20120329" Time="085140">CalculateField All_2011_Districts_Including_Ocean_3_28_2012 BallotType "US2-H48-S23-HON2" VB #</Process><Process ToolSource="C:\Program Files\ArcGIS\Desktop10.0\ArcToolbox\Toolboxes\Data Management Tools.tbx\CalculateField" Date="20120329" Time="085551">CalculateField All_2011_Districts_Including_Ocean_3_28_2012 CntyDist 7 VB #</Process><Process ToolSource="C:\Program Files\ArcGIS\Desktop10.0\ArcToolbox\Toolboxes\Data Management Tools.tbx\CalculateField" Date="20120329" Time="085611">CalculateField All_2011_Districts_Including_Ocean_3_28_2012 BallotType "US1-H30-S16-HON7" VB #</Process><Process ToolSource="C:\Program Files\ArcGIS\Desktop10.0\ArcToolbox\Toolboxes\Data Management Tools.tbx\CalculateField" Date="20120329" Time="085951">CalculateField All_2011_Districts_Including_Ocean_3_28_2012 SDist 25 VB #</Process><Process ToolSource="C:\Program Files\ArcGIS\Desktop10.0\ArcToolbox\Toolboxes\Data Management Tools.tbx\CalculateField" Date="20120329" Time="090005">CalculateField All_2011_Districts_Including_Ocean_3_28_2012 BallotType "US1-H17-S25-HON4" VB #</Process><Process ToolSource="C:\Program Files\ArcGIS\Desktop10.0\ArcToolbox\Toolboxes\Data Management Tools.tbx\CalculateField" Date="20120329" Time="092446">CalculateField All_2011_Districts_Including_Ocean_3_28_2012 BallotType "US2-H04-S02-HAW5" VB #</Process><Process ToolSource="C:\Program Files\ArcGIS\Desktop10.0\ArcToolbox\Toolboxes\Data Management Tools.tbx\CalculateField" Date="20120329" Time="092506">CalculateField All_2011_Districts_Including_Ocean_3_28_2012 SDist 2 VB #</Process><Process ToolSource="C:\Program Files\ArcGIS\Desktop10.0\ArcToolbox\Toolboxes\Data Management Tools.tbx\CalculateField" Date="20120329" Time="092948">CalculateField All_2011_Districts_Including_Ocean_3_28_2012 CntyDist 1 VB #</Process><Process ToolSource="C:\Program Files\ArcGIS\Desktop10.0\ArcToolbox\Toolboxes\Data Management Tools.tbx\CalculateField" Date="20120329" Time="093001">CalculateField All_2011_Districts_Including_Ocean_3_28_2012 BallotType "US1-H41-S19-HON1" VB #</Process><Process ToolSource="C:\Program Files\ArcGIS\Desktop10.0\ArcToolbox\Toolboxes\Data Management Tools.tbx\CalculateField" Date="20120329" Time="093121">CalculateField All_2011_Districts_Including_Ocean_3_28_2012 CntyDist "US1-H41-S19-HON9" VB #</Process><Process ToolSource="C:\Program Files\ArcGIS\Desktop10.0\ArcToolbox\Toolboxes\Data Management Tools.tbx\CalculateField" Date="20120329" Time="093136">CalculateField All_2011_Districts_Including_Ocean_3_28_2012 BallotType "US1-H41-S19-HON9" VB #</Process><Process ToolSource="C:\Program Files\ArcGIS\Desktop10.0\ArcToolbox\Toolboxes\Data Management Tools.tbx\CalculateField" Date="20120329" Time="093149">CalculateField All_2011_Districts_Including_Ocean_3_28_2012 CntyDist 9 VB #</Process><Process ToolSource="C:\Program Files\ArcGIS\Engine10.0\ArcToolbox\Toolboxes\Data Management Tools.tbx\Dissolve" Date="20120329" Time="095459">Dissolve All_2011_Districts_Including_Ocean_3_28_2012 C:\2011Redistricting\Cleanup_3_28_2012\UniqueBallotTypes2011_ExcludingOcean.shp BallotType "POP100 SUM;USDist MIN;HDist MIN;SDist MIN;CntyDist MIN" MULTI_PART DISSOLVE_LINES</Process><Process ToolSource="C:\Program Files\ArcGIS\Desktop10.0\ArcToolbox\Toolboxes\Data Management Tools.tbx\CalculateField" Date="20120329" Time="095735">CalculateField UniqueBallotTypes2011_ExcludingOcean Pop100 [SUM_POP100] VB #</Process><Process ToolSource="C:\Program Files\ArcGIS\Desktop10.0\ArcToolbox\Toolboxes\Data Management Tools.tbx\CalculateField" Date="20120329" Time="095749">CalculateField UniqueBallotTypes2011_ExcludingOcean USDist [MIN_USDist] VB #</Process><Process ToolSource="C:\Program Files\ArcGIS\Desktop10.0\ArcToolbox\Toolboxes\Data Management Tools.tbx\CalculateField" Date="20120329" Time="095802">CalculateField UniqueBallotTypes2011_ExcludingOcean HDist [MIN_HDist] VB #</Process><Process ToolSource="C:\Program Files\ArcGIS\Desktop10.0\ArcToolbox\Toolboxes\Data Management Tools.tbx\CalculateField" Date="20120329" Time="095811">CalculateField UniqueBallotTypes2011_ExcludingOcean SDist [MIN_SDist] VB #</Process><Process ToolSource="C:\Program Files\ArcGIS\Desktop10.0\ArcToolbox\Toolboxes\Data Management Tools.tbx\CalculateField" Date="20120329" Time="095828">CalculateField UniqueBallotTypes2011_ExcludingOcean CntyDist [MIN_CntyDi] VB #</Process><Process ToolSource="C:\Program Files\ArcGIS\Engine10.0\ArcToolbox\Toolboxes\Data Management Tools.tbx\Dissolve" Date="20120329" Time="101701">Dissolve UniqueBallotTypes2011_ExcludingOcean C:\2011Redistricting\Cleanup_3_28_2012\HawaiiUSCongressionalDistricts2011.shp USDist # MULTI_PART DISSOLVE_LINES</Process></lineage><itemProps><itemName Sync="TRUE">HawaiiUSCongressionalDistricts2011</itemName><imsContentType Sync="TRUE">002</imsContentType><itemSize Sync="TRUE">0.000</itemSize><itemLocation><linkage Sync="TRUE">file://\\HONOVM\C$\2011Redistricting\Cleanup_3_28_2012\HawaiiUSCongressionalDistricts2011.shp</linkage><protocol Sync="TRUE">Local Area Network</protocol></itemLocation></itemProps><coordRef><type Sync="TRUE">Geographic</type><geogcsn Sync="TRUE">GCS_North_American_1983</geogcsn><peXml Sync="TRUE">&lt;GeographicCoordinateSystem xsi:type='typens:GeographicCoordinateSystem' xmlns:xsi='http://www.w3.org/2001/XMLSchema-instance' xmlns:xs='http://www.w3.org/2001/XMLSchema' xmlns:typens='http://www.esri.com/schemas/ArcGIS/10.0'&gt;&lt;WKT&gt;GEOGCS[&amp;quot;GCS_North_American_1983&amp;quot;,DATUM[&amp;quot;D_North_American_1983&amp;quot;,SPHEROID[&amp;quot;GRS_1980&amp;quot;,6378137.0,298.257222101]],PRIMEM[&amp;quot;Greenwich&amp;quot;,0.0],UNIT[&amp;quot;Degree&amp;quot;,0.0174532925199433],AUTHORITY[&amp;quot;EPSG&amp;quot;,4269]]&lt;/WKT&gt;&lt;XOrigin&gt;-399.99999999999989&lt;/XOrigin&gt;&lt;YOrigin&gt;-399.99999999999989&lt;/YOrigin&gt;&lt;XYScale&gt;11258999068426.24&lt;/XYScale&gt;&lt;ZOrigin&gt;-100000&lt;/ZOrigin&gt;&lt;ZScale&gt;10000&lt;/ZScale&gt;&lt;MOrigin&gt;-100000&lt;/MOrigin&gt;&lt;MScale&gt;10000&lt;/MScale&gt;&lt;XYTolerance&gt;8.9831528411952117e-009&lt;/XYTolerance&gt;&lt;ZTolerance&gt;0.001&lt;/ZTolerance&gt;&lt;MTolerance&gt;0.001&lt;/MTolerance&gt;&lt;HighPrecision&gt;true&lt;/HighPrecision&gt;&lt;LeftLongitude&gt;-180&lt;/LeftLongitude&gt;&lt;WKID&gt;4269&lt;/WKID&gt;&lt;/GeographicCoordinateSystem&gt;</peXml></coordRef></DataProperties><SyncDate>20120329</SyncDate><SyncTime>10165800</SyncTime><ModDate>20120329</ModDate><ModTime>10165800</ModTime></Esri><dataIdInfo><envirDesc Sync="TRUE">Microsoft Windows XP Version 5.1 (Build 2600) Service Pack 3; ESRI ArcGIS 10.0.2.3200</envirDesc><dataLang><languageCode value="en" country="US"></languageCode></dataLang><idCitation><resTitle Sync="TRUE">HawaiiUSCongressionalDistricts2011</resTitle><presForm><PresFormCd value="005"></PresFormCd></presForm></idCitation><descKeys><thesaName uuidref="723f6998-058e-11dc-8314-0800200c9a66"></thesaName><keyword Sync="TRUE">002</keyword></descKeys><spatRpType><SpatRepTypCd value="001"></SpatRepTypCd></spatRpType></dataIdInfo><mdLang><languageCode value="en"></languageCode></mdLang><mdChar><CharSetCd value="004"></CharSetCd></mdChar><distInfo><distFormat><formatName Sync="TRUE">Shapefile</formatName></distFormat><distTranOps><transSize Sync="TRUE">0.000</transSize></distTranOps></distInfo><mdHrLv><ScopeCd value="005"></ScopeCd></mdHrLv><mdHrLvName Sync="TRUE">dataset</mdHrLvName><refSysInfo><RefSystem><refSysID><identCode code="4269"></identCode><idCodeSpace Sync="TRUE">EPSG</idCodeSpace><idVersion Sync="TRUE">7.4.1</idVersion></refSysID></RefSystem></refSysInfo><spdoinfo><ptvctinf><esriterm Name="HawaiiUSCongressionalDistricts2011"><efeatyp Sync="TRUE">Simple</efeatyp><efeageom Sync="TRUE">4</efeageom><esritopo Sync="TRUE">FALSE</esritopo><efeacnt Sync="TRUE">0</efeacnt><spindex Sync="TRUE">FALSE</spindex><linrefer Sync="TRUE">FALSE</linrefer></esriterm></ptvctinf></spdoinfo><spatRepInfo><VectSpatRep><topLvl><TopoLevCd value="001"></TopoLevCd></topLvl><geometObjs><geoObjTyp><GeoObjTypCd value="002"></GeoObjTypCd><geoObjCnt Sync="TRUE">0</geoObjCnt></geoObjTyp></geometObjs></VectSpatRep></spatRepInfo><eainfo><detailed Name="HawaiiUSCongressionalDistricts2011"><enttyp><enttypl Sync="TRUE">HawaiiUSCongressionalDistricts2011</enttypl><enttypt Sync="TRUE">Feature Class</enttypt><enttypc Sync="TRUE">0</enttypc></enttyp><attr><attrlabl Sync="TRUE">FID</attrlabl><attalias Sync="TRUE">FID</attalias><attrtype Sync="TRUE">OID</attrtype><attwidth Sync="TRUE">4</attwidth><atprecis Sync="TRUE">0</atprecis><attscale Sync="TRUE">0</attscale><attrdef Sync="TRUE">Internal feature number.</attrdef><attrdefs Sync="TRUE">ESRI</attrdefs><attrdomv><udom Sync="TRUE">Sequential unique whole numbers that are automatically generated.</udom></attrdomv></attr><attr><attrlabl Sync="TRUE">Shape</attrlabl><attalias Sync="TRUE">Shape</attalias><attrtype Sync="TRUE">Geometry</attrtype><attwidth Sync="TRUE">0</attwidth><atprecis Sync="TRUE">0</atprecis><attscale Sync="TRUE">0</attscale><attrdef Sync="TRUE">Feature geometry.</attrdef><attrdefs Sync="TRUE">ESRI</attrdefs><attrdomv><udom Sync="TRUE">Coordinates defining the features.</udom></attrdomv></attr><attr><attrlabl Sync="TRUE">USDist</attrlabl><attalias Sync="TRUE">USDist</attalias><attrtype Sync="TRUE">SmallInteger</attrtype><attwidth Sync="TRUE">4</attwidth><atprecis Sync="TRUE">4</atprecis><attscale Sync="TRUE">0</attscale></attr></detailed></eainfo><mdDateSt Sync="TRUE">20120329</mdDateSt></metadata>
