<?xml version="1.0" encoding="UTF-8"?>
<metadata xml:lang="en"><Esri><CreaDate>20111014</CreaDate><CreaTime>15381400</CreaTime><ArcGISFormat>1.0</ArcGISFormat><SyncOnce>TRUE</SyncOnce><DataProperties><lineage><Process ToolSource="C:\Program Files (x86)\ArcGIS\Desktop10.0\ArcToolbox\Toolboxes\Data Management Tools.tbx\CalculateField" Date="20111014" Time="105324">CalculateField "GOV congressional 10_14_2011" Label Right( [DISTRICT],1 ) VB #</Process></lineage><itemProps><itemLocation><linkage Sync="TRUE">file://\\mdpnas001\Redistrict\Gov cong 10_14_2011\Shapefile\GOV congressional 10_14_2011</linkage><protocol Sync="TRUE">Local Area Network</protocol></itemLocation></itemProps><copyHistory><copy source="L:\Gov cong 10_14_2011\GOV congressional 10_14_2011" dest="\\mdpnas001\Redistrict\Gov cong 10_14_2011\Shapefile\GOV congressional 10_14_2011" date="20111014" time="11575300"></copy></copyHistory></DataProperties></Esri></metadata>
