<?xml version="1.0"?>
<!--<!DOCTYPE metadata SYSTEM "http://www.esri.com/metadata/esriprof80.dtd">-->
<metadata xml:lang="en"><Esri><CreaDate>20110805</CreaDate><CreaTime>11344600</CreaTime><SyncOnce>FALSE</SyncOnce><DataProperties><lineage><Process ToolSource="C:\Program Files\ArcGIS\ArcToolbox\Toolboxes\Data Management Tools.tbx\RemoveSpatialIndex" Date="20090602" Time="182424">RemoveSpatialIndex "C:\Program Files\autobound9\Layerbackup\AB9Plan.gdb\PlanBoundary" "C:\Program Files\autobound9\Layerbackup\AB9Plan.gdb\PlanBoundary"</Process><Process ToolSource="C:\Program Files (x86)\ArcGIS\ArcToolbox\Toolboxes\Data Management Tools.tbx\AddSpatialIndex" Date="20101229" Time="171334">AddSpatialIndex "Plan Boundary" 0 0 0 "Plan Boundary"</Process><Process ToolSource="C:\Program Files (x86)\ArcGIS\ArcToolbox\Toolboxes\Data Management Tools.tbx\AddIndex" Date="20101229" Time="171427">AddIndex "Plan Boundary" District_Number # NON_UNIQUE NON_ASCENDING "Plan Boundary"</Process><Process ToolSource="C:\Program Files (x86)\ArcGIS\ArcToolbox\Toolboxes\Conversion Tools.tbx\FeatureClassToFeatureClass" Date="20110614" Time="141519">FeatureClassToFeatureClass "J:\CENSUS_and_REDISTRICTING\2011 Redistricting\Redistricting Requests\Congressional Districts\HB1527 - OK Congressional Districts.shp" J:\Personal_Geodatabases\Districts.mdb\CDs2012 CDs_2012 # "OBJECTID 'OBJECTID' true true false 9 Long 0 9 ,First,#,J:\CENSUS_and_REDISTRICTING\2011 Redistricting\Redistricting Requests\Congressional Districts\HB1527 - OK Congressional Districts.shp,OBJECTID,-1,-1;District_N 'District_N' true true false 50 Text 0 0 ,First,#,J:\CENSUS_and_REDISTRICTING\2011 Redistricting\Redistricting Requests\Congressional Districts\HB1527 - OK Congressional Districts.shp,District_N,-1,-1;District_1 'District_1' true true false 4 Short 0 4 ,First,#,J:\CENSUS_and_REDISTRICTING\2011 Redistricting\Redistricting Requests\Congressional Districts\HB1527 - OK Congressional Districts.shp,District_1,-1,-1;Area 'Area' true true false 19 Double 0 0 ,First,#,J:\CENSUS_and_REDISTRICTING\2011 Redistricting\Redistricting Requests\Congressional Districts\HB1527 - OK Congressional Districts.shp,Area,-1,-1;Perimeter 'Perimeter' true true false 19 Double 0 0 ,First,#,J:\CENSUS_and_REDISTRICTING\2011 Redistricting\Redistricting Requests\Congressional Districts\HB1527 - OK Congressional Districts.shp,Perimeter,-1,-1;Compactnes 'Compactnes' true true false 19 Double 0 0 ,First,#,J:\CENSUS_and_REDISTRICTING\2011 Redistricting\Redistricting Requests\Congressional Districts\HB1527 - OK Congressional Districts.shp,Compactnes,-1,-1;Population 'Population' true true false 9 Long 0 9 ,First,#,J:\CENSUS_and_REDISTRICTING\2011 Redistricting\Redistricting Requests\Congressional Districts\HB1527 - OK Congressional Districts.shp,Population,-1,-1;Voting_Age 'Voting_Age' true true false 9 Long 0 9 ,First,#,J:\CENSUS_and_REDISTRICTING\2011 Redistricting\Redistricting Requests\Congressional Districts\HB1527 - OK Congressional Districts.shp,Voting_Age,-1,-1;Analysis1 'Analysis1' true true false 19 Double 0 0 ,First,#,J:\CENSUS_and_REDISTRICTING\2011 Redistricting\Redistricting Requests\Congressional Districts\HB1527 - OK Congressional Districts.shp,Analysis1,-1,-1;Analysis2 'Analysis2' true true false 19 Double 0 0 ,First,#,J:\CENSUS_and_REDISTRICTING\2011 Redistricting\Redistricting Requests\Congressional Districts\HB1527 - OK Congressional Districts.shp,Analysis2,-1,-1;Analysis3 'Analysis3' true true false 19 Double 0 0 ,First,#,J:\CENSUS_and_REDISTRICTING\2011 Redistricting\Redistricting Requests\Congressional Districts\HB1527 - OK Congressional Districts.shp,Analysis3,-1,-1;SHAPE_Leng 'SHAPE_Leng' true true false 19 Double 0 0 ,First,#,J:\CENSUS_and_REDISTRICTING\2011 Redistricting\Redistricting Requests\Congressional Districts\HB1527 - OK Congressional Districts.shp,SHAPE_Leng,-1,-1;SHAPE_Area 'SHAPE_Area' true true false 19 Double 0 0 ,First,#,J:\CENSUS_and_REDISTRICTING\2011 Redistricting\Redistricting Requests\Congressional Districts\HB1527 - OK Congressional Districts.shp,SHAPE_Area,-1,-1;RGB 'RGB' true true false 9 Long 0 9 ,First,#,J:\CENSUS_and_REDISTRICTING\2011 Redistricting\Redistricting Requests\Congressional Districts\HB1527 - OK Congressional Districts.shp,RGB,-1,-1;CountySpli 'CountySpli' true true false 4 Short 0 4 ,First,#,J:\CENSUS_and_REDISTRICTING\2011 Redistricting\Redistricting Requests\Congressional Districts\HB1527 - OK Congressional Districts.shp,CountySpli,-1,-1;PrecinctSp 'PrecinctSp' true true false 9 Long 0 9 ,First,#,J:\CENSUS_and_REDISTRICTING\2011 Redistricting\Redistricting Requests\Congressional Districts\HB1527 - OK Congressional Districts.shp,PrecinctSp,-1,-1;RemainingB 'RemainingB' true true false 9 Long 0 9 ,First,#,J:\CENSUS_and_REDISTRICTING\2011 Redistricting\Redistricting Requests\Congressional Districts\HB1527 - OK Congressional Districts.shp,RemainingB,-1,-1;TotalBlock 'TotalBlock' true true false 9 Long 0 9 ,First,#,J:\CENSUS_and_REDISTRICTING\2011 Redistricting\Redistricting Requests\Congressional Districts\HB1527 - OK Congressional Districts.shp,TotalBlock,-1,-1;Locked 'Locked' true true false 50 Text 0 0 ,First,#,J:\CENSUS_and_REDISTRICTING\2011 Redistricting\Redistricting Requests\Congressional Districts\HB1527 - OK Congressional Districts.shp,Locked,-1,-1;LockedBy 'LockedBy' true true false 50 Text 0 0 ,First,#,J:\CENSUS_and_REDISTRICTING\2011 Redistricting\Redistricting Requests\Congressional Districts\HB1527 - OK Congressional Districts.shp,LockedBy,-1,-1;Labelvalue 'Labelvalue' true true false 19 Double 0 0 ,First,#,J:\CENSUS_and_REDISTRICTING\2011 Redistricting\Redistricting Requests\Congressional Districts\HB1527 - OK Congressional Districts.shp,Labelvalue,-1,-1;OriginLaye 'OriginLaye' true true false 20 Text 0 0 ,First,#,J:\CENSUS_and_REDISTRICTING\2011 Redistricting\Redistricting Requests\Congressional Districts\HB1527 - OK Congressional Districts.shp,OriginLaye,-1,-1;OriginSTFI 'OriginSTFI' true true false 50 Text 0 0 ,First,#,J:\CENSUS_and_REDISTRICTING\2011 Redistricting\Redistricting Requests\Congressional Districts\HB1527 - OK Congressional Districts.shp,OriginSTFI,-1,-1;OriginLa_1 'OriginLa_1' true true false 4 Short 0 4 ,First,#,J:\CENSUS_and_REDISTRICTING\2011 Redistricting\Redistricting Requests\Congressional Districts\HB1527 - OK Congressional Districts.shp,OriginLa_1,-1,-1;TIMEDATE 'TIMEDATE' true true false 25 Text 0 0 ,First,#,J:\CENSUS_and_REDISTRICTING\2011 Redistricting\Redistricting Requests\Congressional Districts\HB1527 - OK Congressional Districts.shp,TIMEDATE,-1,-1;SID 'SID' true true false 20 Text 0 0 ,First,#,J:\CENSUS_and_REDISTRICTING\2011 Redistricting\Redistricting Requests\Congressional Districts\HB1527 - OK Congressional Districts.shp,SID,-1,-1" # J:\Personal_Geodatabases\Districts.mdb\CDs2012\CDs_2012</Process></lineage></DataProperties><ArcGISFormat>1.0</ArcGISFormat><SyncDate>20110614</SyncDate><SyncTime>14151800</SyncTime><ModDate>20110614</ModDate><ModTime>14151800</ModTime><MetaID>{C88674CD-43F9-4DD1-B7F7-5ED682D1B786}</MetaID></Esri><idinfo><native Sync="TRUE">Microsoft Windows Vista Version 6.1 (Build 7601) Service Pack 1; ESRI ArcCatalog 9.3.1.3000</native><descript><langdata Sync="TRUE">en</langdata><abstract>REQUIRED: A brief narrative summary of the data set.</abstract><purpose>REQUIRED: A summary of the intentions with which the data set was developed.</purpose></descript><citation><citeinfo><origin>REQUIRED: The name of an organization or individual that developed the data set.</origin><pubdate>REQUIRED: The date when the data set is published or otherwise made available for release.</pubdate><title Sync="TRUE">CDs_2012</title><ftname Sync="TRUE">CDs_2012</ftname><geoform Sync="TRUE">vector digital data</geoform><onlink Sync="TRUE"></onlink></citeinfo></citation><timeperd><current>REQUIRED: The basis on which the time period of content information is determined.</current><timeinfo><sngdate><caldate>REQUIRED: The year (and optionally month, or month and day) for which the data set corresponds to the ground.</caldate></sngdate></timeinfo></timeperd><status><progress>REQUIRED: The state of the data set.</progress><update>REQUIRED: The frequency with which changes and additions are made to the data set after the initial data set is completed.</update></status><spdom><bounding><westbc Sync="TRUE">REQUIRED: Western-most coordinate of the limit of coverage expressed in longitude.</westbc><eastbc Sync="TRUE">REQUIRED: Eastern-most coordinate of the limit of coverage expressed in longitude.</eastbc><northbc Sync="TRUE">REQUIRED: Northern-most coordinate of the limit of coverage expressed in latitude.</northbc><southbc Sync="TRUE">REQUIRED: Southern-most coordinate of the limit of coverage expressed in latitude.</southbc></bounding></spdom><keywords><theme><themekt>REQUIRED: Reference to a formally registered thesaurus or a similar authoritative source of theme keywords.</themekt><themekey>REQUIRED: Common-use word or phrase used to describe the subject of the data set.</themekey></theme></keywords><accconst>REQUIRED: Restrictions and legal prerequisites for accessing the data set.</accconst><useconst>REQUIRED: Restrictions and legal prerequisites for using the data set after access is granted.</useconst><natvform Sync="TRUE">Personal GeoDatabase Feature Class</natvform></idinfo><dataIdInfo><envirDesc Sync="TRUE">Microsoft Windows Vista Version 6.1 (Build 7601) Service Pack 1; ESRI ArcCatalog 9.3.1.3000</envirDesc><dataLang><languageCode Sync="TRUE" value="en"></languageCode></dataLang><idCitation><resTitle Sync="TRUE">CDs_2012</resTitle><presForm><PresFormCd Sync="TRUE" value="005"></PresFormCd></presForm></idCitation><spatRpType><SpatRepTypCd Sync="TRUE" value="001"></SpatRepTypCd></spatRpType></dataIdInfo><metainfo><langmeta Sync="TRUE">en</langmeta><metstdn Sync="TRUE">FGDC Content Standards for Digital Geospatial Metadata</metstdn><metstdv Sync="TRUE">FGDC-STD-001-1998</metstdv><mettc Sync="TRUE">local time</mettc><metextns><onlink Sync="TRUE">http://www.esri.com/metadata/esriprof80.html</onlink><metprof Sync="TRUE">ESRI Metadata Profile</metprof></metextns><metc><cntinfo><cntorgp><cntper>REQUIRED: The person responsible for the metadata information.</cntper><cntorg>REQUIRED: The organization responsible for the metadata information.</cntorg></cntorgp><cntaddr><addrtype>REQUIRED: The mailing and/or physical address for the organization or individual.</addrtype><city>REQUIRED: The city of the address.</city><state>REQUIRED: The state or province of the address.</state><postal>REQUIRED: The ZIP or other postal code of the address.</postal></cntaddr><cntvoice>REQUIRED: The telephone number by which individuals can speak to the organization or individual.</cntvoice></cntinfo></metc><metd Sync="TRUE">20110614</metd></metainfo><mdLang><languageCode Sync="TRUE" value="en"></languageCode></mdLang><mdStanName Sync="TRUE">ISO 19115 Geographic Information - Metadata</mdStanName><mdStanVer Sync="TRUE">DIS_ESRI1.0</mdStanVer><mdChar><CharSetCd Sync="TRUE" value="004"></CharSetCd></mdChar><mdHrLv><ScopeCd Sync="TRUE" value="005"></ScopeCd></mdHrLv><mdHrLvName Sync="TRUE">dataset</mdHrLvName><distinfo><resdesc Sync="TRUE">Downloadable Data</resdesc></distinfo><distInfo><distributor><distorTran><onLineSrc><orDesc Sync="TRUE">002</orDesc><linkage Sync="TRUE">file://</linkage><protocol Sync="TRUE">Local Area Network</protocol></onLineSrc></distorTran><distorFormat><formatName Sync="TRUE">Personal GeoDatabase Feature Class</formatName></distorFormat></distributor></distInfo><spdoinfo><direct Sync="TRUE">Vector</direct><ptvctinf><esriterm Name="CDs_2012"><efeatyp Sync="TRUE">Simple</efeatyp><efeageom Sync="TRUE">Polygon</efeageom><esritopo Sync="TRUE">FALSE</esritopo><efeacnt Sync="TRUE">0</efeacnt><spindex Sync="TRUE">TRUE</spindex><linrefer Sync="TRUE">FALSE</linrefer></esriterm><sdtsterm Name="CDs_2012"><sdtstype Sync="TRUE">G-polygon</sdtstype><ptvctcnt Sync="TRUE">0</ptvctcnt></sdtsterm></ptvctinf></spdoinfo><spref><horizsys><cordsysn><geogcsn Sync="TRUE">GCS_North_American_1983</geogcsn></cordsysn><geograph><geogunit Sync="TRUE">Decimal degrees</geogunit><latres Sync="TRUE">0.000000</latres><longres Sync="TRUE">0.000000</longres></geograph><geodetic><horizdn Sync="TRUE">North American Datum of 1983</horizdn><ellips Sync="TRUE">Geodetic Reference System 80</ellips><semiaxis Sync="TRUE">6378137.000000</semiaxis><denflat Sync="TRUE">298.257222</denflat></geodetic></horizsys><vertdef><altsys><altenc Sync="TRUE">Explicit elevation coordinate included with horizontal coordinates</altenc><altres Sync="TRUE">0.000100</altres></altsys></vertdef></spref><refSysInfo><RefSystem><refSysID><identCode Sync="TRUE">GCS_North_American_1983</identCode></refSysID></RefSystem></refSysInfo><spatRepInfo><VectSpatRep><topLvl><TopoLevCd Sync="TRUE" value="001"></TopoLevCd></topLvl><geometObjs Name="CDs_2012"><geoObjTyp><GeoObjTypCd Sync="TRUE" value="001"></GeoObjTypCd></geoObjTyp><geoObjCnt Sync="TRUE">0</geoObjCnt></geometObjs></VectSpatRep></spatRepInfo><eainfo><detailed Name="CDs_2012"><enttyp><enttypl Sync="TRUE">CDs_2012</enttypl><enttypt Sync="TRUE">Feature Class</enttypt><enttypc Sync="TRUE">0</enttypc></enttyp><attr><attrlabl Sync="TRUE">OBJECTID_1</attrlabl><attalias Sync="TRUE">OBJECTID_1</attalias><attrtype Sync="TRUE">OID</attrtype><attwidth Sync="TRUE">4</attwidth><atprecis Sync="TRUE">0</atprecis><attscale Sync="TRUE">0</attscale><attrdef Sync="TRUE">Internal feature number.</attrdef><attrdefs Sync="TRUE">ESRI</attrdefs><attrdomv><udom Sync="TRUE">Sequential unique whole numbers that are automatically generated.</udom></attrdomv></attr><attr><attrlabl Sync="TRUE">Shape</attrlabl><attalias Sync="TRUE">Shape</attalias><attrtype Sync="TRUE">Geometry</attrtype><attwidth Sync="TRUE">0</attwidth><atprecis Sync="TRUE">0</atprecis><attscale Sync="TRUE">0</attscale><attrdef Sync="TRUE">Feature geometry.</attrdef><attrdefs Sync="TRUE">ESRI</attrdefs><attrdomv><udom Sync="TRUE">Coordinates defining the features.</udom></attrdomv></attr><attr><attrlabl Sync="TRUE">OBJECTID</attrlabl><attalias Sync="TRUE">OBJECTID</attalias><attrtype Sync="TRUE">Integer</attrtype><attwidth Sync="TRUE">4</attwidth><atprecis Sync="TRUE">0</atprecis><attscale Sync="TRUE">0</attscale></attr><attr><attrlabl Sync="TRUE">District_N</attrlabl><attalias Sync="TRUE">District_N</attalias><attrtype Sync="TRUE">String</attrtype><attwidth Sync="TRUE">50</attwidth><atprecis Sync="TRUE">0</atprecis><attscale Sync="TRUE">0</attscale></attr><attr><attrlabl Sync="TRUE">District_1</attrlabl><attalias Sync="TRUE">District_1</attalias><attrtype Sync="TRUE">SmallInteger</attrtype><attwidth Sync="TRUE">2</attwidth><atprecis Sync="TRUE">0</atprecis><attscale Sync="TRUE">0</attscale></attr><attr><attrlabl Sync="TRUE">Area</attrlabl><attalias Sync="TRUE">Area</attalias><attrtype Sync="TRUE">Double</attrtype><attwidth Sync="TRUE">8</attwidth><atprecis Sync="TRUE">0</atprecis><attscale Sync="TRUE">0</attscale></attr><attr><attrlabl Sync="TRUE">Perimeter</attrlabl><attalias Sync="TRUE">Perimeter</attalias><attrtype Sync="TRUE">Double</attrtype><attwidth Sync="TRUE">8</attwidth><atprecis Sync="TRUE">0</atprecis><attscale Sync="TRUE">0</attscale></attr><attr><attrlabl Sync="TRUE">Compactnes</attrlabl><attalias Sync="TRUE">Compactnes</attalias><attrtype Sync="TRUE">Double</attrtype><attwidth Sync="TRUE">8</attwidth><atprecis Sync="TRUE">0</atprecis><attscale Sync="TRUE">0</attscale></attr><attr><attrlabl Sync="TRUE">Population</attrlabl><attalias Sync="TRUE">Population</attalias><attrtype Sync="TRUE">Integer</attrtype><attwidth Sync="TRUE">4</attwidth><atprecis Sync="TRUE">0</atprecis><attscale Sync="TRUE">0</attscale></attr><attr><attrlabl Sync="TRUE">Voting_Age</attrlabl><attalias Sync="TRUE">Voting_Age</attalias><attrtype Sync="TRUE">Integer</attrtype><attwidth Sync="TRUE">4</attwidth><atprecis Sync="TRUE">0</atprecis><attscale Sync="TRUE">0</attscale></attr><attr><attrlabl Sync="TRUE">Analysis1</attrlabl><attalias Sync="TRUE">Analysis1</attalias><attrtype Sync="TRUE">Double</attrtype><attwidth Sync="TRUE">8</attwidth><atprecis Sync="TRUE">0</atprecis><attscale Sync="TRUE">0</attscale></attr><attr><attrlabl Sync="TRUE">Analysis2</attrlabl><attalias Sync="TRUE">Analysis2</attalias><attrtype Sync="TRUE">Double</attrtype><attwidth Sync="TRUE">8</attwidth><atprecis Sync="TRUE">0</atprecis><attscale Sync="TRUE">0</attscale></attr><attr><attrlabl Sync="TRUE">Analysis3</attrlabl><attalias Sync="TRUE">Analysis3</attalias><attrtype Sync="TRUE">Double</attrtype><attwidth Sync="TRUE">8</attwidth><atprecis Sync="TRUE">0</atprecis><attscale Sync="TRUE">0</attscale></attr><attr><attrlabl Sync="TRUE">SHAPE_Leng</attrlabl><attalias Sync="TRUE">SHAPE_Leng</attalias><attrtype Sync="TRUE">Double</attrtype><attwidth Sync="TRUE">8</attwidth><atprecis Sync="TRUE">0</atprecis><attscale Sync="TRUE">0</attscale></attr><attr><attrlabl Sync="TRUE">RGB</attrlabl><attalias Sync="TRUE">RGB</attalias><attrtype Sync="TRUE">Integer</attrtype><attwidth Sync="TRUE">4</attwidth><atprecis Sync="TRUE">0</atprecis><attscale Sync="TRUE">0</attscale></attr><attr><attrlabl Sync="TRUE">CountySpli</attrlabl><attalias Sync="TRUE">CountySpli</attalias><attrtype Sync="TRUE">SmallInteger</attrtype><attwidth Sync="TRUE">2</attwidth><atprecis Sync="TRUE">0</atprecis><attscale Sync="TRUE">0</attscale></attr><attr><attrlabl Sync="TRUE">PrecinctSp</attrlabl><attalias Sync="TRUE">PrecinctSp</attalias><attrtype Sync="TRUE">Integer</attrtype><attwidth Sync="TRUE">4</attwidth><atprecis Sync="TRUE">0</atprecis><attscale Sync="TRUE">0</attscale></attr><attr><attrlabl Sync="TRUE">RemainingB</attrlabl><attalias Sync="TRUE">RemainingB</attalias><attrtype Sync="TRUE">Integer</attrtype><attwidth Sync="TRUE">4</attwidth><atprecis Sync="TRUE">0</atprecis><attscale Sync="TRUE">0</attscale></attr><attr><attrlabl Sync="TRUE">TotalBlock</attrlabl><attalias Sync="TRUE">TotalBlock</attalias><attrtype Sync="TRUE">Integer</attrtype><attwidth Sync="TRUE">4</attwidth><atprecis Sync="TRUE">0</atprecis><attscale Sync="TRUE">0</attscale></attr><attr><attrlabl Sync="TRUE">Locked</attrlabl><attalias Sync="TRUE">Locked</attalias><attrtype Sync="TRUE">String</attrtype><attwidth Sync="TRUE">50</attwidth><atprecis Sync="TRUE">0</atprecis><attscale Sync="TRUE">0</attscale></attr><attr><attrlabl Sync="TRUE">LockedBy</attrlabl><attalias Sync="TRUE">LockedBy</attalias><attrtype Sync="TRUE">String</attrtype><attwidth Sync="TRUE">50</attwidth><atprecis Sync="TRUE">0</atprecis><attscale Sync="TRUE">0</attscale></attr><attr><attrlabl Sync="TRUE">Labelvalue</attrlabl><attalias Sync="TRUE">Labelvalue</attalias><attrtype Sync="TRUE">Double</attrtype><attwidth Sync="TRUE">8</attwidth><atprecis Sync="TRUE">0</atprecis><attscale Sync="TRUE">0</attscale></attr><attr><attrlabl Sync="TRUE">OriginLaye</attrlabl><attalias Sync="TRUE">OriginLaye</attalias><attrtype Sync="TRUE">String</attrtype><attwidth Sync="TRUE">20</attwidth><atprecis Sync="TRUE">0</atprecis><attscale Sync="TRUE">0</attscale></attr><attr><attrlabl Sync="TRUE">OriginSTFI</attrlabl><attalias Sync="TRUE">OriginSTFI</attalias><attrtype Sync="TRUE">String</attrtype><attwidth Sync="TRUE">50</attwidth><atprecis Sync="TRUE">0</atprecis><attscale Sync="TRUE">0</attscale></attr><attr><attrlabl Sync="TRUE">OriginLa_1</attrlabl><attalias Sync="TRUE">OriginLa_1</attalias><attrtype Sync="TRUE">SmallInteger</attrtype><attwidth Sync="TRUE">2</attwidth><atprecis Sync="TRUE">0</atprecis><attscale Sync="TRUE">0</attscale></attr><attr><attrlabl Sync="TRUE">TIMEDATE</attrlabl><attalias Sync="TRUE">TIMEDATE</attalias><attrtype Sync="TRUE">String</attrtype><attwidth Sync="TRUE">25</attwidth><atprecis Sync="TRUE">0</atprecis><attscale Sync="TRUE">0</attscale></attr><attr><attrlabl Sync="TRUE">SID</attrlabl><attalias Sync="TRUE">SID</attalias><attrtype Sync="TRUE">String</attrtype><attwidth Sync="TRUE">20</attwidth><atprecis Sync="TRUE">0</atprecis><attscale Sync="TRUE">0</attscale></attr><attr><attrlabl Sync="TRUE">Shape_Length</attrlabl><attalias Sync="TRUE">Shape_Length</attalias><attrtype Sync="TRUE">Double</attrtype><attwidth Sync="TRUE">8</attwidth><atprecis Sync="TRUE">0</atprecis><attscale Sync="TRUE">0</attscale><attrdef Sync="TRUE">Length of feature in internal units.</attrdef><attrdefs Sync="TRUE">ESRI</attrdefs><attrdomv><udom Sync="TRUE">Positive real numbers that are automatically generated.</udom></attrdomv></attr><attr><attrlabl Sync="TRUE">Shape_Area</attrlabl><attalias Sync="TRUE">Shape_Area</attalias><attrtype Sync="TRUE">Double</attrtype><attwidth Sync="TRUE">8</attwidth><atprecis Sync="TRUE">0</atprecis><attscale Sync="TRUE">0</attscale><attrdef Sync="TRUE">Area of feature in internal units squared.</attrdef><attrdefs Sync="TRUE">ESRI</attrdefs><attrdomv><udom Sync="TRUE">Positive real numbers that are automatically generated.</udom></attrdomv></attr></detailed></eainfo><mdDateSt Sync="TRUE">20110614</mdDateSt><dataqual><lineage><procstep><procdesc Sync="TRUE">Dataset copied.</procdesc><srcused Sync="TRUE">\\gis-server\GIS\Personal_Geodatabases\Districts.mdb</srcused><procdate Sync="TRUE">20110805</procdate><proctime Sync="TRUE">11344600</proctime></procstep></lineage></dataqual></metadata>
