<?xml version="1.0" encoding="UTF-8"?>
<metadata xml:lang="en">
	<idinfo>
		<citation>
			<citeinfo Sync="TRUE">
				<origin>Michigan Bureau of Elections</origin>
				<pubdate>2011</pubdate>
				<title>2010 US Congressional Districts</title>
				<geoform Sync="TRUE">vector digital data</geoform>
				<ftname Sync="TRUE">US_Cong_Districts_2010</ftname><onlink Sync="TRUE">\\KENT\CGIshare\Metadata\RedistrictingDONE\US_Congress_Metadata_2010\US_Cong_Districts_2010.shp</onlink></citeinfo>
		</citation>
		<descript>
			<abstract>2011 Reapportionment of US Congressional Districts for Michigan based PA 128.  Data was built and quality controlled from 2010 Census Blocks outlined in PA 128. </abstract>
			<purpose>The dataset was created to display the geographic extent of the 2010 US Congressional Districts.</purpose>
			<langdata Sync="TRUE">en</langdata></descript>
		<timeperd>
			<timeinfo>
				<sngdate>
					<caldate>2010</caldate>
				</sngdate>
			</timeinfo>
			<current>publication date</current>
		</timeperd>
		<status Sync="TRUE">
			<progress>Complete</progress>
			<update>None planned</update>
		</status>
		<spdom Sync="TRUE"><bounding><westbc Sync="TRUE">-90.556786</westbc><eastbc Sync="TRUE">-82.070383</eastbc><northbc Sync="TRUE">48.284130</northbc><southbc Sync="TRUE">41.632044</southbc></bounding><lboundng><leftbc Sync="TRUE">161318.177125</leftbc><rightbc Sync="TRUE">791832.282750</rightbc><bottombc Sync="TRUE">128066.042500</bottombc><topbc Sync="TRUE">859206.818125</topbc></lboundng></spdom>
		<keywords Sync="TRUE">
			<theme>
				<themekt>None</themekt>
				<themekey>Redistricting</themekey>
				<themekey>US Congressional Districts</themekey><themekey>2010 Districts</themekey></theme>
			<place>
				<placekt>none</placekt><placekey>Michigan</placekey></place>
		</keywords>
		<accconst>None</accconst>
		<useconst>None</useconst>
		<ptcontac>
			<cntinfo>
				<cntorgp>
					<cntorg>Bureau of Elections</cntorg>
					<cntper>Stuart Talsma</cntper>
				</cntorgp>
				<cntaddr>
					<addrtype>mailing and physical address</addrtype>
					<address>430 W Allegan St,</address>
					<city Sync="TRUE">Lansing</city>
					<state Sync="TRUE">MI</state>
					<postal>48918</postal>
					<country>USA</country>
				</cntaddr>
				<cntvoice>(517)373-2540</cntvoice>
				<cntemail>talsmas@michigan.gov</cntemail>
				<hours>8:00AM - 5:00PM</hours>
			</cntinfo>
		</ptcontac>
		<native Sync="TRUE">Microsoft Windows XP Version 5.1 (Build 2600) Service Pack 3; ESRI ArcCatalog 9.3.1.3000</native><natvform Sync="TRUE">Shapefile</natvform><datacred>Michigan Bureau of Elections</datacred></idinfo>
	<dataqual Sync="TRUE">
		<attracc Sync="TRUE">
			<attraccr>Every care is used to ensure accuracy.</attraccr></attracc>
		<logic>All care was taken to make sure the data is correct and reliable.</logic>
		<complete>The report is complete.</complete>
		<posacc></posacc>
		<lineage>
			<srcinfo Sync="TRUE"><srccite><citeinfo><origin>Bureau of Elections</origin><pubdate>2011</pubdate><title>Congressional districting</title></citeinfo></srccite><typesrc>online</typesrc><srctime><timeinfo><sngdate><caldate>2011</caldate></sngdate></timeinfo><srccurr>publication date</srccurr></srctime><srccitea>Bureau of Elections</srccitea><srccontr>Dataset from B of E</srccontr></srcinfo>
			<procstep Sync="TRUE"><procdesc>The shapefiles were made from data provided.</procdesc><procdate>2011</procdate></procstep>
			<procstep><procdesc Sync="TRUE">Metadata imported.</procdesc><srcused Sync="TRUE">D:\PROJECTS\CGIshare\Metadata\ReszkaBobTemplate.shp.xml</srcused><procdate Sync="TRUE">20111121</procdate><proctime Sync="TRUE">10525500</proctime></procstep><procstep><procdesc Sync="TRUE">Dataset copied.</procdesc><srcused Sync="TRUE">Service=sde:sqlserver:LAN084MCGIDD001\DEV; Database=michigan; User=webmerc; Version=sde.DEFAULT</srcused><procdate Sync="TRUE">20111216</procdate><proctime Sync="TRUE">15493400</proctime></procstep><procstep><procdesc Sync="TRUE">Dataset copied.</procdesc><srcused Sync="TRUE">Service=sde:sqlserver:LAN084MCGIDD001\DEV; Database=michigan; User=webmerc; Version=sde.DEFAULT</srcused><procdate Sync="TRUE">20111216</procdate><proctime Sync="TRUE">15515600</proctime></procstep></lineage>
	</dataqual>
	<spdoinfo Sync="TRUE">
		<direct Name="michigan.MICHADMIN.ADM_PT_DCH_ODCP_DRUGCOURTS3" Sync="TRUE">Vector</direct>
		<ptvctinf Sync="TRUE">
			<sdtsterm Sync="TRUE" Name="US_Cong_Districts_2010">
				<sdtstype Sync="TRUE">G-polygon</sdtstype>
				<ptvctcnt Sync="TRUE">0</ptvctcnt>
			</sdtsterm>
			<esriterm Name="US_Cong_Districts_2010"><efeatyp Sync="TRUE">Simple</efeatyp><efeageom Sync="TRUE">Polygon</efeageom><esritopo Sync="TRUE">FALSE</esritopo><efeacnt Sync="TRUE">0</efeacnt><spindex Sync="TRUE">FALSE</spindex><linrefer Sync="TRUE">FALSE</linrefer></esriterm></ptvctinf>
	</spdoinfo>
	<spref Sync="TRUE">
		<horizsys Sync="TRUE">
			<geodetic Sync="TRUE">
				<horizdn Name="pointsofinterest_v1" Sync="TRUE">North American Datum of 1983</horizdn>
				<ellips Sync="TRUE">Geodetic Reference System 80</ellips><semiaxis Sync="TRUE">6378137.000000</semiaxis><denflat Sync="TRUE">298.257222</denflat></geodetic>
			<cordsysn><geogcsn Sync="TRUE">GCS_North_American_1983</geogcsn><projcsn Sync="TRUE">NAD_1983_Hotine_Oblique_Mercator_Azimuth_Natural_Origin</projcsn></cordsysn><planar><planci><plance Sync="TRUE">coordinate pair</plance><plandu Sync="TRUE">meters</plandu><coordrep><absres Sync="TRUE">0.000000</absres><ordres Sync="TRUE">0.000000</ordres></coordrep></planci><mapproj><mapprojn Sync="TRUE">Oblique Mercator</mapprojn><obqmerc><sfctrlin Sync="TRUE">0.999600</sfctrlin><obqlazim><azimangl Sync="TRUE">337.255560</azimangl><azimptl Sync="TRUE">-86.000000</azimptl></obqlazim><latprjo Sync="TRUE">45.309167</latprjo><feast Sync="TRUE">2546731.496000</feast><fnorth Sync="TRUE">-4354009.816000</fnorth></obqmerc></mapproj></planar></horizsys>
		<vertdef><altsys><altenc Sync="TRUE">Explicit elevation coordinate included with horizontal coordinates</altenc><altres Sync="TRUE">1.000000</altres><altdatum>NAD83</altdatum><altunits>meters</altunits></altsys></vertdef></spref>
	<eainfo Sync="TRUE"><detailed Name="US_Cong_Districts_2010"><enttyp><enttypl Sync="TRUE">US_Cong_Districts_2010</enttypl><enttypt Sync="TRUE">Feature Class</enttypt><enttypc Sync="TRUE">0</enttypc><enttypd>Listing of the Congressional Districts in Michigan</enttypd><enttypds>Bureau of Elections</enttypds></enttyp><attr><attrlabl Sync="TRUE">FID</attrlabl><attalias Sync="TRUE">FID</attalias><attrtype Sync="TRUE">OID</attrtype><attwidth Sync="TRUE">4</attwidth><atprecis Sync="TRUE">0</atprecis><attscale Sync="TRUE">0</attscale><attrdef Sync="TRUE">Internal feature number.</attrdef><attrdefs Sync="TRUE">ESRI</attrdefs><attrdomv><udom Sync="TRUE">Sequential unique whole numbers that are automatically generated.</udom></attrdomv></attr><attr><attrlabl Sync="TRUE">LABEL</attrlabl><attalias Sync="TRUE">LABEL</attalias><attrtype Sync="TRUE">String</attrtype><attwidth Sync="TRUE">2</attwidth><attrdef>Congressional district number with leading zero</attrdef><attrdefs>Bureau or Elections</attrdefs><attrdomv><rdom><rdommin>01</rdommin><rdommax>14</rdommax></rdom></attrdomv></attr><attr><attrlabl Sync="TRUE">DISTRICT</attrlabl><attalias Sync="TRUE">DISTRICT</attalias><attrtype Sync="TRUE">Number</attrtype><attwidth Sync="TRUE">10</attwidth><attrdef>Congressional district number without leading zero</attrdef><attrdefs>Bureau or Elections</attrdefs><attrdomv><rdom><rdommin>1</rdommin><rdommax>14</rdommax></rdom></attrdomv></attr><attr><attrlabl Sync="TRUE">POPULATION</attrlabl><attalias Sync="TRUE">POPULATION</attalias><attrtype Sync="TRUE">Number</attrtype><attwidth Sync="TRUE">19</attwidth><attrdef>Seven digit numeric value of the total Congressional District population according to the 2010 Census</attrdef><attrdefs>Bureau or Elections</attrdefs><attrdomv><udom>Seven digit numeric value of the total Congressional District population according to the 2010 Census</udom></attrdomv></attr><attr><attrlabl Sync="TRUE">Shape</attrlabl><attalias Sync="TRUE">Shape</attalias><attrtype Sync="TRUE">Geometry</attrtype><attwidth Sync="TRUE">0</attwidth><atprecis Sync="TRUE">0</atprecis><attscale Sync="TRUE">0</attscale><attrdef Sync="TRUE">Feature geometry.</attrdef><attrdefs Sync="TRUE">ESRI</attrdefs><attrdomv><udom Sync="TRUE">Coordinates defining the features.</udom></attrdomv></attr><attr><attrlabl Sync="TRUE">Shape_STAr</attrlabl><attalias Sync="TRUE">Shape_STAr</attalias><attrtype Sync="TRUE">Float</attrtype><attwidth Sync="TRUE">19</attwidth><atnumdec Sync="TRUE">11</atnumdec></attr><attr><attrlabl Sync="TRUE">Shape_STLe</attrlabl><attalias Sync="TRUE">Shape_STLe</attalias><attrtype Sync="TRUE">Float</attrtype><attwidth Sync="TRUE">19</attwidth><atnumdec Sync="TRUE">11</atnumdec></attr></detailed></eainfo>
	<distinfo Sync="TRUE">
		<distrib Name="pointsofinterest_v1">
			<cntinfo Sync="TRUE">
				<cntorgp Sync="TRUE">
					<cntorg>Bureau of Elections</cntorg>
					<cntper>Stuart Talsma</cntper>
				</cntorgp>
				<cntaddr Sync="TRUE">
					<addrtype Sync="TRUE">mailing address</addrtype>
					<address Sync="TRUE">P.O. Box 30026</address>
					<city Sync="TRUE">Lansing</city>
					<state>MI</state>
					<postal Sync="TRUE">48933</postal>
					<country Sync="TRUE">USA</country>
				</cntaddr>
				<cntvoice Name="michigan.MICHADMIN.ADM_PT_DCH_ODCP_DRUGCOURTS3">(517)373-2540</cntvoice>
				<cntemail>Talsmas@michigan.gov</cntemail>
			</cntinfo>
		</distrib>
		<stdorder>
			<digform>
				<digtinfo Sync="TRUE">
					<formname>ARCG</formname><transize Sync="TRUE">0.000</transize><dssize Sync="TRUE">0.000</dssize></digtinfo>
				<digtopt><onlinopt><computer><networka><networkr>CSSTP website</networkr></networka></computer></onlinopt></digtopt></digform>
			<fees>NA</fees></stdorder>
		<resdesc>Vector dataset</resdesc><distliab>Every effort is employed to ensure the data is correct.  If usres encounter any apparent errors please contact Stuart Talsma - talsmas@michigan.gov  or David Tarrant - tarrantd2@michigan.gov</distliab></distinfo>
	<metainfo Sync="TRUE">
		<metd Sync="TRUE">20111216</metd>
		<metc>
			<cntinfo Sync="TRUE">
				<cntorgp>
					<cntorg>Center for Shared Solutions and Technology Partnerships, Michigan Department of Technology, Management &amp; Budget</cntorg>
					<cntper Sync="TRUE">Bob Reszka</cntper>
				</cntorgp>
				<cntpos Sync="TRUE">Resource Analyst</cntpos>
				<cntaddr Sync="TRUE">
					<addrtype>mailing address</addrtype>
					<address>P.O. Box 30026</address>
					<city>Lansing</city>
					<state>MI</state>
					<postal>48933</postal>
					<country>USA</country>
				</cntaddr>
				<cntvoice>517-373-7910</cntvoice>
				<cntfax>517-373-2939</cntfax>
				<cntemail>Reszkar@michigan.gov</cntemail>
			</cntinfo>
		</metc>
		<metstdn Sync="TRUE">FGDC Content Standards for Digital Geospatial Metadata</metstdn>
		<metstdv Sync="TRUE">FGDC-STD-001-1998</metstdv>
		<mettc Sync="TRUE">local time</mettc>
		<metac>none</metac>
		<metuc>none</metuc>
		<metsi>
			<metscs Sync="TRUE">none</metscs>
			<metsc Sync="TRUE">Unclassified</metsc>
			<metshd>None</metshd></metsi>
		<langmeta Sync="TRUE">en</langmeta><metextns><onlink Sync="TRUE">http://www.esri.com/metadata/esriprof80.html</onlink><metprof Sync="TRUE">ESRI Metadata Profile</metprof></metextns></metainfo>
	<Esri><CreaDate>20111216</CreaDate><CreaTime>15515600</CreaTime><SyncOnce>FALSE</SyncOnce><SyncDate>20111216</SyncDate><SyncTime>15580700</SyncTime><ModDate>20111216</ModDate><ModTime>15580700</ModTime><DataProperties><lineage><Process ToolSource="C:\Program Files\ArcGIS\ArcToolbox\Toolboxes\Data Management Tools.tbx\Project" Date="20111216" Time="154940">Project "Database Connections\LAN084MCGIDD001_DEV_WEBMERC.sde\michigan.WEBMERC.POL_PY_CGI_CONGDISTRICT_2010" "Database Connections\LAN084MCGIDD001_DEV_WEBMERC.sde\michigan.WEBMERC.POL_PY_CGI_CONGDISTRICT_20101_AUX" PROJCS['WGS_1984_Web_Mercator_Auxiliary_Sphere',GEOGCS['GCS_WGS_1984',DATUM['D_WGS_1984',SPHEROID['WGS_1984',6378137.0,298.257223563]],PRIMEM['Greenwich',0.0],UNIT['Degree',0.0174532925199433]],PROJECTION['Mercator_Auxiliary_Sphere'],PARAMETER['False_Easting',0.0],PARAMETER['False_Northing',0.0],PARAMETER['Central_Meridian',0.0],PARAMETER['Standard_Parallel_1',0.0],PARAMETER['Auxiliary_Sphere_Type',0.0],UNIT['Meter',1.0]] WGS_1984_Major_Auxiliary_Sphere_To_WGS_1984 PROJCS['WGS_1984_Web_Mercator',GEOGCS['GCS_WGS_1984_Major_Auxiliary_Sphere',DATUM['D_WGS_1984_Major_Auxiliary_Sphere',SPHEROID['WGS_1984_Major_Auxiliary_Sphere',6378137.0,0.0]],PRIMEM['Greenwich',0.0],UNIT['Degree',0.0174532925199433]],PROJECTION['Mercator'],PARAMETER['False_Easting',0.0],PARAMETER['False_Northing',0.0],PARAMETER['Central_Meridian',0.0],PARAMETER['Standard_Parallel_1',0.0],UNIT['Meter',1.0]]</Process><Process ToolSource="C:\Program Files\ArcGIS\ArcToolbox\Toolboxes\Data Management Tools.tbx\Project" Date="20111216" Time="155204">Project "Database Connections\LAN084MCGIDD001_DEV_WEBMERC.sde\michigan.WEBMERC.POL_PY_CGI_CONGDISTRICT_20101_AUX" "Database Connections\LAN084MCGIDD001_DEV_WEBMERC.sde\michigan.WEBMERC.POL_PY_CGI_CONGDISTRICT_20101" PROJCS['NAD_1983_Hotine_Oblique_Mercator_Azimuth_Natural_Origin',GEOGCS['GCS_North_American_1983',DATUM['D_North_American_1983',SPHEROID['GRS_1980',6378137.0,298.257222101]],PRIMEM['Greenwich',0.0],UNIT['Degree',0.0174532925199433]],PROJECTION['Hotine_Oblique_Mercator_Azimuth_Natural_Origin'],PARAMETER['False_Easting',2546731.496],PARAMETER['False_Northing',-4354009.816],PARAMETER['Scale_Factor',0.9996],PARAMETER['Azimuth',337.25556],PARAMETER['Longitude_Of_Center',-86.0],PARAMETER['Latitude_Of_Center',45.30916666666666],UNIT['Meter',1.0]] NAD_1983_To_WGS_1984_5 PROJCS['WGS_1984_Web_Mercator_Auxiliary_Sphere',GEOGCS['GCS_WGS_1984',DATUM['D_WGS_1984',SPHEROID['WGS_1984',6378137.0,298.257223563]],PRIMEM['Greenwich',0.0],UNIT['Degree',0.0174532925199433]],PROJECTION['Mercator_Auxiliary_Sphere'],PARAMETER['False_Easting',0.0],PARAMETER['False_Northing',0.0],PARAMETER['Central_Meridian',0.0],PARAMETER['Standard_Parallel_1',0.0],PARAMETER['Auxiliary_Sphere_Type',0.0],UNIT['Meter',1.0]]</Process><Process ToolSource="C:\Program Files\ArcGIS\ArcToolbox\Toolboxes\Conversion Tools.tbx\FeatureClassToFeatureClass" Date="20111216" Time="155808">FeatureClassToFeatureClass "Database Connections\LAN084MCGIDD001_DEV_WEBMERC.sde\michigan.WEBMERC.POL_PY_CGI_CONGDISTRICT_2010_MGR" D:\PROJECTS\CGIshare\Metadata\RedistrictingDONE\US_Congress_Metadata_2010 US_Cong_Districts_2010.shp # "LABEL 'LABEL' true true false 2 Text 0 0 ,First,#,Database Connections\LAN084MCGIDD001_DEV_WEBMERC.sde\michigan.WEBMERC.POL_PY_CGI_CONGDISTRICT_2010_MGR,LABEL,-1,-1;DISTRICT 'DISTRICT' true true false 4 Long 0 10 ,First,#,Database Connections\LAN084MCGIDD001_DEV_WEBMERC.sde\michigan.WEBMERC.POL_PY_CGI_CONGDISTRICT_2010_MGR,DISTRICT,-1,-1;POPULATION 'POPULATION' true true false 8 Double 0 19 ,First,#,Database Connections\LAN084MCGIDD001_DEV_WEBMERC.sde\michigan.WEBMERC.POL_PY_CGI_CONGDISTRICT_2010_MGR,POPULATION,-1,-1;Shape_STAr 'Shape_STAr' false false true 0 Double 0 0 ,First,#,Database Connections\LAN084MCGIDD001_DEV_WEBMERC.sde\michigan.WEBMERC.POL_PY_CGI_CONGDISTRICT_2010_MGR,Shape.STArea(),-1,-1;Shape_STLe 'Shape_STLe' false false true 0 Double 0 0 ,First,#,Database Connections\LAN084MCGIDD001_DEV_WEBMERC.sde\michigan.WEBMERC.POL_PY_CGI_CONGDISTRICT_2010_MGR,Shape.STLength(),-1,-1" # D:\PROJECTS\CGIshare\Metadata\RedistrictingDONE\US_Congress_Metadata_2010\US_Cong_Districts_2010.shp</Process></lineage></DataProperties><MetaID>{BC3E38D8-7F56-4D64-9682-87A6129279D6}</MetaID></Esri><dataIdInfo><envirDesc Sync="TRUE">Microsoft Windows XP Version 5.1 (Build 2600) Service Pack 3; ESRI ArcCatalog 9.3.1.3000</envirDesc><dataLang><languageCode Sync="TRUE" value="en"></languageCode></dataLang><idCitation><resTitle Sync="TRUE">US_Cong_Districts_2010</resTitle><presForm><PresFormCd Sync="TRUE" value="005"></PresFormCd></presForm></idCitation><spatRpType><SpatRepTypCd Sync="TRUE" value="001"></SpatRepTypCd></spatRpType><dataExt><geoEle><GeoBndBox esriExtentType="native"><westBL Sync="TRUE">161318.177125</westBL><eastBL Sync="TRUE">791832.28275</eastBL><northBL Sync="TRUE">859206.818125</northBL><southBL Sync="TRUE">128066.0425</southBL><exTypeCode Sync="TRUE">1</exTypeCode></GeoBndBox></geoEle></dataExt><geoBox esriExtentType="decdegrees"><westBL Sync="TRUE">-90.556786</westBL><eastBL Sync="TRUE">-82.070383</eastBL><northBL Sync="TRUE">48.28413</northBL><southBL Sync="TRUE">41.632044</southBL><exTypeCode Sync="TRUE">1</exTypeCode></geoBox></dataIdInfo><mdLang><languageCode Sync="TRUE" value="en"></languageCode></mdLang><mdStanName Sync="TRUE">ISO 19115 Geographic Information - Metadata</mdStanName><mdStanVer Sync="TRUE">DIS_ESRI1.0</mdStanVer><mdChar><CharSetCd Sync="TRUE" value="004"></CharSetCd></mdChar><mdHrLv><ScopeCd Sync="TRUE" value="005"></ScopeCd></mdHrLv><mdHrLvName Sync="TRUE">dataset</mdHrLvName><distInfo><distributor><distorTran><onLineSrc><orDesc Sync="TRUE">002</orDesc><linkage Sync="TRUE">file://\\KENT\CGIshare\Metadata\RedistrictingDONE\US_Congress_Metadata_2010\US_Cong_Districts_2010.shp</linkage><protocol Sync="TRUE">Local Area Network</protocol></onLineSrc><transSize Sync="TRUE">0.000</transSize></distorTran><distorFormat><formatName Sync="TRUE">Shapefile</formatName></distorFormat></distributor></distInfo><refSysInfo><RefSystem><refSysID><identCode Sync="TRUE">NAD_1983_Hotine_Oblique_Mercator_Azimuth_Natural_Origin</identCode></refSysID></RefSystem></refSysInfo><spatRepInfo><VectSpatRep><topLvl><TopoLevCd Sync="TRUE" value="001"></TopoLevCd></topLvl><geometObjs Name="US_Cong_Districts_2010"><geoObjTyp><GeoObjTypCd Sync="TRUE" value="001"></GeoObjTypCd></geoObjTyp><geoObjCnt Sync="TRUE">0</geoObjCnt></geometObjs></VectSpatRep></spatRepInfo><mdDateSt Sync="TRUE">20111216</mdDateSt></metadata>
