<?xml version="1.0" encoding="UTF-8"?>
<metadata xml:lang="en"><Esri><CreaDate>20120426</CreaDate><CreaTime>10455300</CreaTime><SyncOnce>FALSE</SyncOnce><DataProperties><lineage><Process Name="Create Feature Class" ToolSource="C:\ArcGIS\ArcToolbox\Toolboxes\Data Management Tools.tbx\CreateFeatureclass" Date="20051025" Time="152628">CreateFeatureclass "Database Connections\Connection to agrc.state.ut.us (U024).sde\SGID.U024.Political" AdjustedUtahHouseDistricts2002 # UtahHouseDistricts2002_Adjus SAME_AS_TEMPLATE SAME_AS_TEMPLATE "PROJCS['NAD_1983_UTM_Zone_12N',GEOGCS['GCS_North_American_1983',DATUM['D_North_American_1983',SPHEROID['GRS_1980',6378137.0,298.257222101]],PRIMEM['Greenwich',0.0],UNIT['Degree',0.0174532925199433]],PROJECTION['Transverse_Mercator'],PARAMETER['False_Easting',500000.0],PARAMETER['False_Northing',0.0],PARAMETER['Central_Meridian',-111.0],PARAMETER['Scale_Factor',0.9996],PARAMETER['Latitude_Of_Origin',0.0],UNIT['Meter',1.0]];120000 3900000 10;0 100000;0 100000" # 0 0 0 "Database Connections\Connection to agrc.state.ut.us (U024).sde\SGID.U024.Political\SGID.U024.AdjustedUtahHouseDistricts2002"</Process><Process Name="Append" ToolSource="C:\ArcGIS\ArcToolbox\Toolboxes\Data Management Tools.tbx\Append" Date="20051025" Time="152630">Append UtahHouseDistricts2002_Adjus "Database Connections\Connection to agrc.state.ut.us (U024).sde\SGID.U024.Political\SGID.U024.AdjustedUtahHouseDistricts2002" TEST "Database Connections\Connection to agrc.state.ut.us (U024).sde\SGID.U024.Political\SGID.U024.AdjustedUtahHouseDistricts2002"</Process><Process Name="FeatureClassToFeatureClass_1" ToolSource="C:\ArcGIS\ArcToolbox\Toolboxes\Conversion Tools.tbx\FeatureClassToFeatureClass" Date="20051025" Time="152630">FeatureClassToFeatureClass I:\AGR4\e911\salt\SLCo_MERGE_Kelly\SaltLakeCounty.mdb\Merge\UtahHouseDistricts2002_Adjusted "Database Connections\Connection to agrc.state.ut.us (U024).sde\SGID.U024.Political" AdjustedUtahHouseDistricts2002 # "Shape_Length Shape_Length VISIBLE;Shape_Area Shape_Area VISIBLE;District District VISIBLE" SAME_AS_TEMPLATE SAME_AS_TEMPLATE # 0 "Database Connections\Connection to agrc.state.ut.us (U024).sde\SGID.U024.Political\SGID.U024.AdjustedUtahHouseDistricts2002"</Process><Process Name="DeleteFeatures_1" ToolSource="C:\ArcGIS\ArcToolbox\Toolboxes\Data Management Tools.tbx\DeleteFeatures" Date="20051109" Time="150313">DeleteFeatures "Database Connections\Connection to agrc.state.ut.us (U024).sde\SGID.U024.Political\SGID.U024.AdjustedUtahSenateDistricts2002" "Database Connections\Connection to agrc.state.ut.us (U024).sde\SGID.U024.Political\SGID.U024.AdjustedUtahSenateDistricts2002"</Process><Process Name="Union_3" ToolSource="C:\ArcGIS\ArcToolbox\Toolboxes\Analysis Tools.tbx\Union" Date="20051109" Time="151909">Union "'Database Connections\Connection to agrc.state.ut.us (U024).sde\SGID.U024.Political\SGID.U024.AdjustedUtahHouseDistricts2002' '';'Database Connections\Connection to agrc.state.ut.us (U024).sde\SGID.U024.Political\SGID.U024.AdjustedUtahSenateDistricts2002' ''" I:\AGR4\e911\salt\SLCo_MERGE_Kelly\SaltLakeCounty.mdb\Merge\combine ALL # GAPS</Process><Process Name="DeleteFeatures_1" ToolSource="C:\Program Files\ArcGIS\ArcToolbox\Toolboxes\Data Management Tools.tbx\DeleteFeatures" Date="20060308" Time="095010">DeleteFeatures "Database Connections\Connection to agrc.state.ut.us (U024).sde\SGID.U024.Political\SGID.U024.AdjustedUniqueHouseSenate" "Database Connections\Connection to agrc.state.ut.us (U024).sde\SGID.U024.Political\SGID.U024.AdjustedUniqueHouseSenate"</Process><Process Name="FeatureClassToFeatureClass_17" ToolSource="C:\Program Files\ArcGIS\ArcToolbox\Toolboxes\Conversion Tools.tbx\FeatureClassToFeatureClass" Date="20061205" Time="112816">FeatureClassToFeatureClass "Database Connections\AGRC SDE.sde\SGID.U024.Political\SGID.U024.AdjustedUSHouseDistricts2002" "Database Connections\DC_U024@SGID@GRDB01SPR.sde\SGID.U024.Political" AdjustedUSHouseDistricts2002 # "DISTRICT DISTRICT true true false 2 Short 0 5 ,First,#,Database Connections\AGRC SDE.sde\SGID.U024.Political\SGID.U024.AdjustedUSHouseDistricts2002,DISTRICT,-1,-1;area area false false true 0 Double 0 0 ,First,#,Database Connections\AGRC SDE.sde\SGID.U024.Political\SGID.U024.AdjustedUSHouseDistricts2002,SHAPE.area,-1,-1;len len false false true 0 Double 0 0 ,First,#,Database Connections\AGRC SDE.sde\SGID.U024.Political\SGID.U024.AdjustedUSHouseDistricts2002,SHAPE.len,-1,-1" # "Database Connections\DC_U024@SGID@GRDB01SPR.sde\SGID.U024.Political\SGID.U024.AdjustedUSHouseDistricts2002"</Process><Process Name="DeleteFeatures_15" ToolSource="C:\Program Files\ArcGIS\ArcToolbox\Toolboxes\Data Management Tools.tbx\DeleteFeatures" Date="20071030" Time="122653">DeleteFeatures "Database Connections\DC_U024@SGID@GRDB01SPR.sde\SGID.U024.Political\SGID.U024.AdjustedUSHouseDistricts2002" "Database Connections\DC_U024@SGID@GRDB01SPR.sde\SGID.U024.Political\SGID.U024.AdjustedUSHouseDistricts2002"</Process><Process ToolSource="C:\Program Files\ArcGIS\Desktop10.0\ArcToolbox\Toolboxes\Data Management Tools.tbx\CopyFeatures" Date="20110811" Time="080928">CopyFeatures "Database Connections\DC_Political@SGID93@gdb93.agrc.utah.gov.sde\SGID93.POLITICAL.USCongressDistricts2002" "Database Connections\DC_Political@SGID10@gdb10.agrc.utah.gov.sde\SGID10.POLITICAL.USCongressDistricts2002" # 0 0 0</Process><Process ToolSource="C:\Program Files\ArcGIS\Desktop10.0\ArcToolbox\Toolboxes\Data Management Tools.tbx\ChangePrivileges" Date="20110811" Time="081048">ChangePrivileges 'Database Connections\DC_Political@SGID10@gdb10.agrc.utah.gov.sde\SGID10.POLITICAL.CensusVotingDistricts2000';'Database Connections\DC_Political@SGID10@gdb10.agrc.utah.gov.sde\SGID10.POLITICAL.JudicialDistricts';'Database Connections\DC_Political@SGID10@gdb10.agrc.utah.gov.sde\SGID10.POLITICAL.OfficialsLookup';'Database Connections\DC_Political@SGID10@gdb10.agrc.utah.gov.sde\SGID10.POLITICAL.SaltLakeCountySubPrecincts';'Database Connections\DC_Political@SGID10@gdb10.agrc.utah.gov.sde\SGID10.POLITICAL.UniqueHouseSenate2002';'Database Connections\DC_Political@SGID10@gdb10.agrc.utah.gov.sde\SGID10.POLITICAL.USCongress2002_TIGER';'Database Connections\DC_Political@SGID10@gdb10.agrc.utah.gov.sde\SGID10.POLITICAL.USCongressDistricts2002';'Database Connections\DC_Political@SGID10@gdb10.agrc.utah.gov.sde\SGID10.POLITICAL.UtahHouse2002_TIGER';'Database Connections\DC_Political@SGID10@gdb10.agrc.utah.gov.sde\SGID10.POLITICAL.UtahHouseDistricts2002';'Database Connections\DC_Political@SGID10@gdb10.agrc.utah.gov.sde\SGID10.POLITICAL.UtahSenate2002_TIGER';'Database Connections\DC_Political@SGID10@gdb10.agrc.utah.gov.sde\SGID10.POLITICAL.UtahSenateDistricts2002';'Database Connections\DC_Political@SGID10@gdb10.agrc.utah.gov.sde\SGID10.POLITICAL.VistaBallotAreas';'Database Connections\DC_Political@SGID10@gdb10.agrc.utah.gov.sde\SGID10.POLITICAL.VistaBallotAreas_Proposed';'Database Connections\DC_Political@SGID10@gdb10.agrc.utah.gov.sde\SGID10.POLITICAL.VotingPrecincts' agrc GRANT AS_IS</Process><Process ToolSource="C:\Program Files (x86)\ArcGIS\Desktop10.0\ArcToolbox\Toolboxes\Data Management Tools.tbx\DeleteFeatures" Date="20111005" Time="113528">DeleteFeatures "Database Connections\DC_Political@SGID10@gdb10.agrc.utah.gov.sde\SGID10.POLITICAL.USCongressDistricts2012_TEST"</Process><Process ToolSource="C:\Program Files (x86)\ArcGIS\Desktop10.0\ArcToolbox\Toolboxes\Data Management Tools.tbx\ChangePrivileges" Date="20111005" Time="114141">ChangePrivileges 'Database Connections\DC_Political@SGID10@gdb10.agrc.utah.gov.sde\SGID10.POLITICAL.USCongressDistricts2012_TEST' AGRC GRANT #</Process><Process ToolSource="C:\Program Files (x86)\ArcGIS\Desktop10.0\ArcToolbox\Toolboxes\Data Management Tools.tbx\Analyze" Date="20111017" Time="094832">Analyze "Database Connections\DC_sdeadmin@sgid10@itdb104sp.dts.utah.gov.sde\SGID10.POLITICAL.USCongressDistricts2012_TEST" BUSINESS;FEATURE;ADDS;DELETES</Process><Process ToolSource="C:\Program Files (x86)\ArcGIS\Desktop10.0\ArcToolbox\Toolboxes\Data Management Tools.tbx\DeleteFeatures" Date="20111018" Time="095505">DeleteFeatures "Database Connections\DC_Political@SGID10@gdb10.agrc.utah.gov.sde\SGID10.POLITICAL.USCongressDistricts2012_TEST"</Process><Process ToolSource="C:\Program Files (x86)\ArcGIS\Desktop10.0\ArcToolbox\Toolboxes\Data Management Tools.tbx\ChangePrivileges" Date="20111018" Time="095612">ChangePrivileges 'Database Connections\DC_Political@SGID10@gdb10.agrc.utah.gov.sde\SGID10.POLITICAL.USCongressDistricts2012_TEST' AGRC GRANT #</Process><Process ToolSource="C:\Program Files (x86)\ArcGIS\Desktop10.0\ArcToolbox\Toolboxes\Data Management Tools.tbx\DeleteFeatures" Date="20111018" Time="104831">DeleteFeatures "Database Connections\DC_Political@SGID10@gdb10.agrc.utah.gov.sde\SGID10.POLITICAL.USCongressDistricts2012_TEST"</Process><Process ToolSource="C:\Program Files (x86)\ArcGIS\Desktop10.0\ArcToolbox\Toolboxes\Data Management Tools.tbx\ChangePrivileges" Date="20111115" Time="135027">ChangePrivileges 'Database Connections\DC_Political@SGID10@gdb10.agrc.utah.gov.sde\SGID10.POLITICAL.USCongressDistricts2012' AGRC GRANT #</Process><Process ToolSource="c:\program files\arcgis\desktop10.0\ArcToolbox\Toolboxes\Data Management Tools.tbx\DeleteFeatures" Date="20120130" Time="122149">DeleteFeatures "Database Connections\DC_Political@SGID10@gdb10.agrc.utah.gov.sde\SGID10.POLITICAL.USCongressDistricts2012"</Process><Process ToolSource="C:\Program Files (x86)\ArcGIS\Desktop10.0\ArcToolbox\Toolboxes\Data Management Tools.tbx\Analyze" Date="20120226" Time="010414">Analyze "Database Connections\DC_sdeadmin@SGID10@itdb104sp.dts.utah.gov.sde\SGID10.POLITICAL.USCongressDistricts2012" BUSINESS;FEATURE;ADDS;DELETES</Process><Process ToolSource="c:\program files\arcgis\desktop10.0\ArcToolbox\Toolboxes\Data Management Tools.tbx\DeleteFeatures" Date="20120425" Time="160112">DeleteFeatures "Database Connections\DC_Political@SGID10@gdb10.agrc.utah.gov.sde\SGID10.POLITICAL.USCongressDistricts2012"</Process><Process ToolSource="C:\Program Files\ArcGIS\Desktop10.0\ArcToolbox\Toolboxes\Data Management Tools.tbx\CopyFeatures" Date="20120426" Time="104659">CopyFeatures C:\sgidout\POLITICAL\PackagedData\_Statewide\UtahPoliticalDistricts_Begin2012\UtahPoliticalDistricts_Begin2012.gdb\USCongressDistricts2012 C:\sgidout\POLITICAL\PackagedData\_Statewide\UtahPoliticalDistricts_Begin2012\USCongressDistricts2012.shp # 0 0 0</Process></lineage><itemProps><itemName Sync="TRUE">USCongressDistricts2012</itemName><imsContentType Sync="TRUE">002</imsContentType><itemLocation><linkage Sync="TRUE">file://\\AGRC-CHEATON\C$\sgidout\POLITICAL\PackagedData\_Statewide\UtahPoliticalDistricts_Begin2012\USCongressDistricts2012.shp</linkage><protocol Sync="TRUE">Local Area Network</protocol></itemLocation><nativeExtBox><westBL Sync="TRUE">228535.360000</westBL><eastBL Sync="TRUE">673944.600000</eastBL><southBL Sync="TRUE">4094743.900000</southBL><northBL Sync="TRUE">4653571.800000</northBL><exTypeCode Sync="TRUE">1</exTypeCode></nativeExtBox><itemSize Sync="TRUE">0.000</itemSize></itemProps><coordRef><type Sync="TRUE">Projected</type><geogcsn Sync="TRUE">GCS_North_American_1983</geogcsn><projcsn Sync="TRUE">NAD_1983_UTM_Zone_12N</projcsn><peXml Sync="TRUE">&lt;ProjectedCoordinateSystem xsi:type='typens:ProjectedCoordinateSystem' xmlns:xsi='http://www.w3.org/2001/XMLSchema-instance' xmlns:xs='http://www.w3.org/2001/XMLSchema' xmlns:typens='http://www.esri.com/schemas/ArcGIS/10.0'&gt;&lt;WKT&gt;PROJCS[&amp;quot;NAD_1983_UTM_Zone_12N&amp;quot;,GEOGCS[&amp;quot;GCS_North_American_1983&amp;quot;,DATUM[&amp;quot;D_North_American_1983&amp;quot;,SPHEROID[&amp;quot;GRS_1980&amp;quot;,6378137.0,298.257222101]],PRIMEM[&amp;quot;Greenwich&amp;quot;,0.0],UNIT[&amp;quot;Degree&amp;quot;,0.0174532925199433]],PROJECTION[&amp;quot;Transverse_Mercator&amp;quot;],PARAMETER[&amp;quot;False_Easting&amp;quot;,500000.0],PARAMETER[&amp;quot;False_Northing&amp;quot;,0.0],PARAMETER[&amp;quot;Central_Meridian&amp;quot;,-111.0],PARAMETER[&amp;quot;Scale_Factor&amp;quot;,0.9996],PARAMETER[&amp;quot;Latitude_Of_Origin&amp;quot;,0.0],UNIT[&amp;quot;Meter&amp;quot;,1.0],AUTHORITY[&amp;quot;EPSG&amp;quot;,26912]]&lt;/WKT&gt;&lt;XOrigin&gt;-5120900&lt;/XOrigin&gt;&lt;YOrigin&gt;-9998100&lt;/YOrigin&gt;&lt;XYScale&gt;450445547.3910538&lt;/XYScale&gt;&lt;ZOrigin&gt;-100000&lt;/ZOrigin&gt;&lt;ZScale&gt;10000&lt;/ZScale&gt;&lt;MOrigin&gt;-100000&lt;/MOrigin&gt;&lt;MScale&gt;10000&lt;/MScale&gt;&lt;XYTolerance&gt;0.001&lt;/XYTolerance&gt;&lt;ZTolerance&gt;0.001&lt;/ZTolerance&gt;&lt;MTolerance&gt;0.001&lt;/MTolerance&gt;&lt;HighPrecision&gt;true&lt;/HighPrecision&gt;&lt;WKID&gt;26912&lt;/WKID&gt;&lt;/ProjectedCoordinateSystem&gt;</peXml><csUnits Sync="TRUE">Linear Unit: Meter (1.000000)</csUnits></coordRef></DataProperties><SyncDate>20120426</SyncDate><SyncTime>10465900</SyncTime><ModDate>20120426</ModDate><ModTime>10465900</ModTime><ArcGISFormat>1.0</ArcGISFormat><ArcGISstyle>ISO 19139 Metadata Implementation Specification</ArcGISstyle></Esri><idinfo><native Sync="TRUE">Microsoft Windows XP Version 5.1 (Build 2600) Service Pack 2; ESRI ArcCatalog 9.2.2.1350</native><descript><langdata Sync="TRUE">en</langdata><abstract>Represent US House of Representatives (Congressional) Districts as per Census Block Assignment file enrolled with SB3002S19 (MD5 Security ID Code: d7ad4010744b340539a41b596a9b04d0) and November 2011 adjustments to remove residential splits and to a more accurate representation of Utah's county boundaries.</abstract><purpose>Utah Congressional (US House of Representatives) District Boundaries effective on January 1, 2012, for purposes of nominating and electing
members of Congress, and on January 1, 2013, for all other purposes</purpose><supplinf>Congress: SB3002S19, Final Congressional Boundaries Designation, by Sen. Okerlund
Deviation from Ideal Population:
Largest District: 0.00% (1 person)

Smallest District: 0.00% (0 people)

Enrolled SB3002, sponsored by Senator Ralph Okerlund.</supplinf></descript><citation><citeinfo><pubdate>20111221</pubdate><title>USCongressDistricts2012</title><ftname Sync="TRUE">SGID.U024.AdjustedUSHouseDistricts2002</ftname><geoform Sync="TRUE">vector digital data</geoform></citeinfo></citation><timeperd><current>ground condition</current><timeinfo><rngdates><begdate>20120101</begdate><enddate>20211231</enddate></rngdates></timeinfo></timeperd><status><progress>Complete</progress><update>As needed</update></status><spdom><bounding><westbc Sync="TRUE">-114.276423</westbc><eastbc Sync="TRUE">-108.899271</eastbc><northbc Sync="TRUE">42.034241</northbc><southbc Sync="TRUE">36.959971</southbc></bounding><lboundng><leftbc Sync="TRUE">228585.400000</leftbc><rightbc Sync="TRUE">673940.600000</rightbc><bottombc Sync="TRUE">4094775.500000</bottombc><topbc Sync="TRUE">4653578.000000</topbc></lboundng></spdom><keywords><theme><themekey>Congress</themekey><themekey>US</themekey><themekey>House</themekey><themekey>Representatives</themekey><themekey>Voting</themekey><themekey>Election</themekey><themekey>Political</themekey></theme></keywords><accconst>none</accconst><natvform Sync="TRUE">SDE Feature Class</natvform><ptcontac><cntinfo><cntaddr><addrtype>mailing and physical address</addrtype><address>5130 State Office Building</address><city>Salt Lake City</city><state>Utah</state><postal>84114</postal><country>USA</country></cntaddr><cntvoice>(801) 538-3665</cntvoice><cntfax>(801) 538-3317</cntfax><cntemail>agrc@utah.gov</cntemail><cntorgp><cntorg>Automated Geographic Reference Center</cntorg><cntper>AGRC</cntper></cntorgp><hours>8-5</hours></cntinfo></ptcontac><datacred>
Utah State Legislature. Lt. Governor's Office, Elections, AGRC.</datacred></idinfo><dataIdInfo><envirDesc Sync="TRUE">Microsoft Windows XP Version 5.1 (Build 2600) Service Pack 3; ESRI ArcGIS 10.0.3.3600</envirDesc><dataLang><languageCode Sync="TRUE" value="en" country="USA"/><countryCode value="US" Sync="TRUE"/></dataLang><idCitation><resTitle Sync="TRUE">USCongressDistricts2012</resTitle><presForm><PresFormCd Sync="TRUE" value="005"/></presForm></idCitation><spatRpType><SpatRepTypCd Sync="TRUE" value="001"/></spatRpType><dataExt><geoEle><GeoBndBox esriExtentType="search"><westBL Sync="TRUE">-114.277023</westBL><eastBL Sync="TRUE">-108.899225</eastBL><northBL Sync="TRUE">42.034185</northBL><southBL Sync="TRUE">36.959673</southBL><exTypeCode Sync="TRUE">1</exTypeCode></GeoBndBox></geoEle></dataExt><geoBox esriExtentType="decdegrees"><westBL Sync="TRUE">-114.276423</westBL><eastBL Sync="TRUE">-108.899271</eastBL><northBL Sync="TRUE">42.034241</northBL><southBL Sync="TRUE">36.959971</southBL><exTypeCode Sync="TRUE">1</exTypeCode></geoBox><descKeys><thesaName uuidref="723f6998-058e-11dc-8314-0800200c9a66"/><keyword Sync="TRUE">002</keyword></descKeys></dataIdInfo><metainfo><langmeta Sync="TRUE">en</langmeta><metstdn Sync="TRUE">FGDC Content Standards for Digital Geospatial Metadata</metstdn><metstdv Sync="TRUE">FGDC-STD-001-1998</metstdv><mettc Sync="TRUE">local time</mettc><metc><cntinfo><cntorgp/><cntaddr/></cntinfo></metc><metd>20111024</metd></metainfo><mdLang><languageCode Sync="TRUE" value="en"/><countryCode value="US" Sync="TRUE"/></mdLang><mdStanName Sync="TRUE">ISO 19115 Geographic Information - Metadata</mdStanName><mdStanVer Sync="TRUE">DIS_ESRI1.0</mdStanVer><mdChar><CharSetCd Sync="TRUE" value="004"/></mdChar><mdHrLv><ScopeCd Sync="TRUE" value="005"/></mdHrLv><mdHrLvName Sync="TRUE">dataset</mdHrLvName><distinfo><distrib><cntinfo><cntaddr><addrtype>mailing and physical address</addrtype><address>5130 State Office Building</address><city>Salt Lake City</city><state>Utah</state><postal>84114</postal><country>USA</country></cntaddr><cntvoice>(801) 538-3665</cntvoice><cntfax>(801) 538-3317</cntfax><cntemail>agrc@utah.gov</cntemail><cntorgp><cntorg>Automated Geographic Reference Center</cntorg><cntper>AGRC</cntper></cntorgp><hours>8-5</hours></cntinfo></distrib><resdesc Sync="TRUE">Downloadable Data</resdesc></distinfo><spdoinfo><direct Sync="TRUE">Vector</direct><ptvctinf><esriterm><efeatyp Sync="TRUE">Simple</efeatyp><efeageom code="4" Sync="TRUE"></efeageom><esritopo Sync="TRUE">FALSE</esritopo><efeacnt Sync="TRUE">0</efeacnt><spindex Sync="TRUE">FALSE</spindex><linrefer Sync="TRUE">FALSE</linrefer></esriterm></ptvctinf></spdoinfo><spref><horizsys><cordsysn><geogcsn Sync="TRUE">GCS_North_American_1983</geogcsn><projcsn Sync="TRUE">NAD_1983_UTM_Zone_12N</projcsn></cordsysn><planar><planci><plance Sync="TRUE">coordinate pair</plance><plandu Sync="TRUE">meters</plandu><coordrep><absres Sync="TRUE">0.010000</absres><ordres Sync="TRUE">0.010000</ordres></coordrep></planci></planar><geodetic><horizdn Sync="TRUE">North American Datum of 1983</horizdn><ellips Sync="TRUE">Geodetic Reference System 80</ellips><semiaxis Sync="TRUE">6378137.000000</semiaxis><denflat Sync="TRUE">298.257222</denflat></geodetic></horizsys><vertdef><altsys><altenc Sync="TRUE">Explicit elevation coordinate included with horizontal coordinates</altenc><altres Sync="TRUE">1.000000</altres></altsys></vertdef></spref><refSysInfo><RefSystem><refSysID><identCode Sync="TRUE" code="26912" value="26912">NAD_1983_UTM_Zone_12N</identCode><idCodeSpace Sync="TRUE">EPSG</idCodeSpace><idVersion Sync="TRUE">7.4.1</idVersion></refSysID></RefSystem></refSysInfo><spatRepInfo><VectSpatRep><geometObjs Name="USCongressDistricts2012"><geoObjTyp><GeoObjTypCd value="002" Sync="TRUE"></GeoObjTypCd></geoObjTyp><geoObjCnt Sync="TRUE">0</geoObjCnt></geometObjs><topLvl><TopoLevCd value="001" Sync="TRUE"></TopoLevCd></topLvl></VectSpatRep></spatRepInfo><eainfo><detailed Name="USCongressDistricts2012"><attr><attrlabl Sync="TRUE">DISTRICT</attrlabl><attalias Sync="TRUE">DISTRICT</attalias><attrtype Sync="TRUE">SmallInteger</attrtype><attwidth Sync="TRUE">4</attwidth><atprecis Sync="TRUE">4</atprecis><attscale Sync="TRUE">0</attscale><attrdef>Utah's US Congressional District Number</attrdef></attr><attr><attrlabl Sync="TRUE">FID</attrlabl><attalias Sync="TRUE">FID</attalias><attrtype Sync="TRUE">OID</attrtype><attwidth Sync="TRUE">4</attwidth><atprecis Sync="TRUE">0</atprecis><attscale Sync="TRUE">0</attscale><attrdef Sync="TRUE">Internal feature number.</attrdef><attrdefs Sync="TRUE">ESRI</attrdefs><attrdomv><udom Sync="TRUE">Sequential unique whole numbers that are automatically generated.</udom></attrdomv></attr><enttyp><enttypl Sync="TRUE">USCongressDistricts2012</enttypl><enttypt Sync="TRUE">Feature Class</enttypt><enttypc Sync="TRUE">0</enttypc></enttyp><attr><attrlabl Sync="TRUE">Shape</attrlabl><attalias Sync="TRUE">Shape</attalias><attrtype Sync="TRUE">Geometry</attrtype><attwidth Sync="TRUE">0</attwidth><atprecis Sync="TRUE">0</atprecis><attscale Sync="TRUE">0</attscale><attrdef Sync="TRUE">Feature geometry.</attrdef><attrdefs Sync="TRUE">ESRI</attrdefs><attrdomv><udom Sync="TRUE">Coordinates defining the features.</udom></attrdomv></attr><attr><attrlabl Sync="TRUE">Shape_Leng</attrlabl><attalias Sync="TRUE">Shape_Leng</attalias><attrtype Sync="TRUE">Double</attrtype><attwidth Sync="TRUE">19</attwidth><atprecis Sync="TRUE">0</atprecis><attscale Sync="TRUE">0</attscale></attr><attr><attrlabl Sync="TRUE">Shape_Area</attrlabl><attalias Sync="TRUE">Shape_Area</attalias><attrtype Sync="TRUE">Double</attrtype><attwidth Sync="TRUE">19</attwidth><atprecis Sync="TRUE">0</atprecis><attscale Sync="TRUE">0</attscale><attrdef Sync="TRUE">Area of feature in internal units squared.</attrdef><attrdefs Sync="TRUE">ESRI</attrdefs><attrdomv><udom Sync="TRUE">Positive real numbers that are automatically generated.</udom></attrdomv></attr></detailed></eainfo><mdDateSt Sync="TRUE">20120426</mdDateSt><dataqual><lineage><procstep><procdesc Sync="TRUE">Metadata imported.</procdesc><srcused Sync="TRUE">C:\meta.xml</srcused><date Sync="TRUE">20051109</date><time Sync="TRUE">13172900</time></procstep><procstep><procdesc Sync="TRUE">Dataset copied.</procdesc><srcused Sync="TRUE">\\DPDAS\AGRC\AGR4\e911\salt\SLCo_MERGE_Kelly\SaltLakeCounty.mdb</srcused><date Sync="TRUE">20051109</date><time Sync="TRUE">15511500</time></procstep><procstep><procdesc Sync="TRUE">Metadata imported.</procdesc><srcused Sync="TRUE">C:\senate.xml</srcused><date Sync="TRUE">20060308</date><time Sync="TRUE">11565800</time></procstep><procstep><procdesc Sync="TRUE">Metadata imported.</procdesc><srcused Sync="TRUE">C:\temp\SGIDMetadataFixed\SGID.U024.AdjustedUSHouseDistricts2002.xml</srcused><date Sync="TRUE">20070820</date><time Sync="TRUE">15551800</time></procstep><procstep><procdesc Sync="TRUE">Metadata imported.</procdesc><srcused Sync="TRUE">C:\temp\SGIDMetadataFixed\SGID.U024.AdjustedUSHouseDistricts2002.xml</srcused><date Sync="TRUE">20070820</date><time Sync="TRUE">16350500</time></procstep><procstep><procdesc Sync="TRUE">Metadata imported.</procdesc><srcused Sync="TRUE">C:\temp\SGIDMetadataFixed\SGID.U024.AdjustedUSHouseDistricts2002.xml</srcused><date Sync="TRUE">20071022</date><time Sync="TRUE">11374700</time></procstep><procstep><procdesc Sync="TRUE">Metadata imported.</procdesc><srcused Sync="TRUE">C:\temp\SGIDMetadataFixed\SGID.U024.AdjustedUSHouseDistricts2002.xml</srcused><date Sync="TRUE">20071029</date><time Sync="TRUE">10492900</time></procstep><procstep><procdesc Sync="TRUE">Metadata imported.</procdesc><srcused Sync="TRUE">C:\temp\SGIDMetadataFixed\SGID.U024.AdjustedUSHouseDistricts2002.xml</srcused><date Sync="TRUE">20071029</date><time Sync="TRUE">10584800</time></procstep><procstep><procdesc Sync="TRUE">Metadata imported.</procdesc><srcused Sync="TRUE">C:\temp\SGIDMetadataFixed\SGID.U024.AdjustedUSHouseDistricts2002.xml</srcused><date Sync="TRUE">20071128</date><time Sync="TRUE">15210500</time></procstep><procstep><procdesc Sync="TRUE">Dataset copied.</procdesc><srcused Sync="TRUE">Server=direct_connect; Service=sde:sqlserver:168.177.18.211\AGRC; Database=SGID; User=agrc; Version=sde.DEFAULT</srcused><procdate Sync="TRUE">20090316</procdate><proctime Sync="TRUE">14520500</proctime></procstep><procstep><procdesc Sync="TRUE">Dataset copied.</procdesc><srcused Sync="TRUE">Server=direct_connect; Service=sde:sqlserver:itdb01sat.dts.utah.gov\agrctest; Database=SGID09; User=Political; Version=sde.DEFAULT</srcused><procdate Sync="TRUE">20090429</procdate><proctime Sync="TRUE">09041600</proctime></procstep></lineage><logic>This data is positionally accurate to published census bureau block geometry, which has been modified in a small number of cases (pursuant to S.B. 3005, Lieutenant Governor District Determinations) to move district boundaries off of residences and to align districts with true county boundaries.

Very few positional issues of the block geometry have an impact on assignment of residences to districts. However, in these cases, the intent of the block boundary has been researched by examining block edge data files (SGID10.Demographic.CensusEdges2010) and housing unit counts contained in the census block data.

In addition, the county boundaries in the Census Blocks are not positionally accurate. The districts have been similarly researched and modified to agree with a more robust, accurate representationof the county boundaries.</logic></dataqual><distInfo><distributor><distorTran><onLineSrc><orDesc Sync="TRUE">002</orDesc><linkage Sync="TRUE">Server=direct_connect; Service=sde:sqlserver:itdb01sat.dts.utah.gov\agrctest; Database=SGID93; User=Political; Version=sde.DEFAULT</linkage><protocol Sync="TRUE">ArcSDE Connection</protocol></onLineSrc></distorTran><distorFormat><formatName Sync="TRUE">SDE Feature Class</formatName></distorFormat></distributor><distFormat><formatName Sync="TRUE">Shapefile</formatName></distFormat><distTranOps><transSize Sync="TRUE">0.000</transSize></distTranOps></distInfo></metadata>
