<metadata xml:lang="en"><Esri><CreaDate>20120221</CreaDate><CreaTime>13294200</CreaTime><ArcGISFormat>1.0</ArcGISFormat><ArcGISstyle>FGDC CSDGM Metadata</ArcGISstyle><SyncOnce>FALSE</SyncOnce><DataProperties><lineage><Process ToolSource="c:\program files\arcgis\desktop10.0\ArcToolbox\Toolboxes\Data Management Tools.tbx\Project" Date="20120221" Time="132942" Name="" export="">Project C:\Maptitude\Plans\cng\C2012\shp\C2012x.shp W:\gis\redist2010\Congressional\C2012\shape\C2012.shp PROJCS['NAD_1983_UTM_Zone_15N',GEOGCS['GCS_North_American_1983',DATUM['D_North_American_1983',SPHEROID['GRS_1980',6378137.0,298.257222101]],PRIMEM['Greenwich',0.0],UNIT['Degree',0.0174532925199433]],PROJECTION['Transverse_Mercator'],PARAMETER['False_Easting',500000.0],PARAMETER['False_Northing',0.0],PARAMETER['Central_Meridian',-93.0],PARAMETER['Scale_Factor',0.9996],PARAMETER['Latitude_Of_Origin',0.0],UNIT['Meter',1.0]] # PROJCS['GRS_1980_UTM_Zone_15N',GEOGCS['GCS_GRS_1980',DATUM['D_GRS_1980',SPHEROID['GRS_1980',6378137.0,298.2572221]],PRIMEM['Greenwich',0.0],UNIT['Degree',0.0174532925199433]],PROJECTION['Transverse_Mercator'],PARAMETER['False_Easting',500000.0],PARAMETER['False_Northing',0.0],PARAMETER['Central_Meridian',-93.0],PARAMETER['Scale_Factor',0.9996],PARAMETER['Latitude_Of_Origin',0.0],UNIT['Meter',1.0]]</Process></lineage><itemProps><itemName Sync="TRUE">C2012</itemName><imsContentType Sync="TRUE">002</imsContentType><nativeExtBox><westBL Sync="TRUE">189777.188874</westBL><eastBL Sync="TRUE">762236.958845</eastBL><southBL Sync="TRUE">4816289.640108</southBL><northBL Sync="TRUE">5472414.143679</northBL><exTypeCode Sync="TRUE">1</exTypeCode></nativeExtBox><itemSize Sync="TRUE">1.181</itemSize><itemLocation><linkage Sync="TRUE">file://\\geo\d$\Geodata\shape\congressional\C2012.shp</linkage><protocol Sync="TRUE">Local Area Network</protocol></itemLocation></itemProps><coordRef><type Sync="TRUE">Projected</type><geogcsn Sync="TRUE">GCS_North_American_1983</geogcsn><csUnits Sync="TRUE">Linear Unit: Meter (1.000000)</csUnits><projcsn Sync="TRUE">NAD_1983_UTM_Zone_15N</projcsn><peXml Sync="TRUE">&lt;ProjectedCoordinateSystem xsi:type='typens:ProjectedCoordinateSystem' xmlns:xsi='http://www.w3.org/2001/XMLSchema-instance' xmlns:xs='http://www.w3.org/2001/XMLSchema' xmlns:typens='http://www.esri.com/schemas/ArcGIS/10.0'&gt;&lt;WKT&gt;PROJCS[&amp;quot;NAD_1983_UTM_Zone_15N&amp;quot;,GEOGCS[&amp;quot;GCS_North_American_1983&amp;quot;,DATUM[&amp;quot;D_North_American_1983&amp;quot;,SPHEROID[&amp;quot;GRS_1980&amp;quot;,6378137.0,298.257222101]],PRIMEM[&amp;quot;Greenwich&amp;quot;,0.0],UNIT[&amp;quot;Degree&amp;quot;,0.0174532925199433]],PROJECTION[&amp;quot;Transverse_Mercator&amp;quot;],PARAMETER[&amp;quot;False_Easting&amp;quot;,500000.0],PARAMETER[&amp;quot;False_Northing&amp;quot;,0.0],PARAMETER[&amp;quot;Central_Meridian&amp;quot;,-93.0],PARAMETER[&amp;quot;Scale_Factor&amp;quot;,0.9996],PARAMETER[&amp;quot;Latitude_Of_Origin&amp;quot;,0.0],UNIT[&amp;quot;Meter&amp;quot;,1.0],AUTHORITY[&amp;quot;EPSG&amp;quot;,26915]]&lt;/WKT&gt;&lt;XOrigin&gt;-5120900&lt;/XOrigin&gt;&lt;YOrigin&gt;-9998100&lt;/YOrigin&gt;&lt;XYScale&gt;450445547.3910538&lt;/XYScale&gt;&lt;ZOrigin&gt;-100000&lt;/ZOrigin&gt;&lt;ZScale&gt;10000&lt;/ZScale&gt;&lt;MOrigin&gt;-100000&lt;/MOrigin&gt;&lt;MScale&gt;10000&lt;/MScale&gt;&lt;XYTolerance&gt;0.001&lt;/XYTolerance&gt;&lt;ZTolerance&gt;0.001&lt;/ZTolerance&gt;&lt;MTolerance&gt;0.001&lt;/MTolerance&gt;&lt;HighPrecision&gt;true&lt;/HighPrecision&gt;&lt;WKID&gt;26915&lt;/WKID&gt;&lt;/ProjectedCoordinateSystem&gt;</peXml></coordRef></DataProperties><SyncDate>20120223</SyncDate><SyncTime>10045200</SyncTime><ModDate>20120223</ModDate><ModTime>10045200</ModTime><ArcGISProfile>FGDC</ArcGISProfile></Esri><eainfo><detailed Name="C2012" xmlns=""><enttyp><enttypl>C2012</enttypl><enttypt Sync="TRUE">Feature Class</enttypt><enttypc Sync="TRUE">8</enttypc></enttyp><attr xmlns=""><attrlabl>FID</attrlabl><attrdef>Internal feature number.</attrdef><attrdefs>ESRI</attrdefs><attrdomv><udom>Sequential unique whole numbers that are automatically generated.</udom></attrdomv><attalias Sync="TRUE">FID</attalias><attrtype Sync="TRUE">OID</attrtype><attwidth Sync="TRUE">4</attwidth><atprecis Sync="TRUE">0</atprecis><attscale Sync="TRUE">0</attscale></attr><attr xmlns=""><attrlabl>Shape</attrlabl><attrdef>Feature geometry.</attrdef><attrdefs>ESRI</attrdefs><attrdomv><udom>Coordinates defining the features.</udom></attrdomv><attalias Sync="TRUE">Shape</attalias><attrtype Sync="TRUE">Geometry</attrtype><attwidth Sync="TRUE">0</attwidth><atprecis Sync="TRUE">0</atprecis><attscale Sync="TRUE">0</attscale></attr><attr xmlns=""><attrlabl>ID</attrlabl><attalias Sync="TRUE">ID</attalias><attrtype Sync="TRUE">Double</attrtype><attwidth Sync="TRUE">12</attwidth><atprecis Sync="TRUE">12</atprecis><attscale Sync="TRUE">0</attscale></attr><attr xmlns=""><attrlabl>AREA</attrlabl><attrdef>Area of District</attrdef><attalias Sync="TRUE">AREA</attalias><attrtype Sync="TRUE">Double</attrtype><attwidth Sync="TRUE">10</attwidth><atprecis Sync="TRUE">9</atprecis><attscale Sync="TRUE">2</attscale></attr><attr xmlns=""><attrlabl>DATA</attrlabl><attalias Sync="TRUE">DATA</attalias><attrtype Sync="TRUE">Double</attrtype><attwidth Sync="TRUE">12</attwidth><atprecis Sync="TRUE">12</atprecis><attscale Sync="TRUE">0</attscale></attr><attr xmlns=""><attrlabl>DISTRICT</attrlabl><attrdef>District Number</attrdef><attalias Sync="TRUE">DISTRICT</attalias><attrtype Sync="TRUE">String</attrtype><attwidth Sync="TRUE">12</attwidth><atprecis Sync="TRUE">0</atprecis><attscale Sync="TRUE">0</attscale></attr><attr xmlns=""><attrlabl>MEMBERS</attrlabl><attalias Sync="TRUE">MEMBERS</attalias><attrtype Sync="TRUE">Single</attrtype><attwidth Sync="TRUE">8</attwidth><atprecis Sync="TRUE">7</atprecis><attscale Sync="TRUE">1</attscale></attr><attr xmlns=""><attrlabl>LOCKED</attrlabl><attalias Sync="TRUE">LOCKED</attalias><attrtype Sync="TRUE">String</attrtype><attwidth Sync="TRUE">1</attwidth><atprecis Sync="TRUE">0</atprecis><attscale Sync="TRUE">0</attscale></attr><attr xmlns=""><attrlabl>NAME</attrlabl><attalias Sync="TRUE">NAME</attalias><attrtype Sync="TRUE">String</attrtype><attwidth Sync="TRUE">43</attwidth><atprecis Sync="TRUE">0</atprecis><attscale Sync="TRUE">0</attscale></attr><attr xmlns=""><attrlabl>POPULATION</attrlabl><attrdef>2010 Population</attrdef><attalias Sync="TRUE">POPULATION</attalias><attrtype Sync="TRUE">Double</attrtype><attwidth Sync="TRUE">11</attwidth><atprecis Sync="TRUE">11</atprecis><attscale Sync="TRUE">0</attscale></attr><attr xmlns=""><attrlabl>HISPANIC_O</attrlabl><attrdef>Hispanic Origin</attrdef><attalias Sync="TRUE">HISPANIC_O</attalias><attrtype Sync="TRUE">Double</attrtype><attwidth Sync="TRUE">11</attwidth><atprecis Sync="TRUE">11</atprecis><attscale Sync="TRUE">0</attscale></attr><attr xmlns=""><attrlabl>NH_WHT</attrlabl><attrdef>Non-Hispanic White </attrdef><attalias Sync="TRUE">NH_WHT</attalias><attrtype Sync="TRUE">Double</attrtype><attwidth Sync="TRUE">11</attwidth><atprecis Sync="TRUE">11</atprecis><attscale Sync="TRUE">0</attscale></attr><attr xmlns=""><attrlabl>NH_DOJ_BLK</attrlabl><attrdef>Non-Hispanic (Department of Justice) Black</attrdef><attalias Sync="TRUE">NH_DOJ_BLK</attalias><attrtype Sync="TRUE">Double</attrtype><attwidth Sync="TRUE">11</attwidth><atprecis Sync="TRUE">11</atprecis><attscale Sync="TRUE">0</attscale></attr><attr xmlns=""><attrlabl>NH_DOJ_IND</attrlabl><attrdef>Non-Hispanic (Department of Justice) Indian</attrdef><attalias Sync="TRUE">NH_DOJ_IND</attalias><attrtype Sync="TRUE">Double</attrtype><attwidth Sync="TRUE">11</attwidth><atprecis Sync="TRUE">11</atprecis><attscale Sync="TRUE">0</attscale></attr><attr xmlns=""><attrlabl>NH_DOJ_ASN</attrlabl><attrdef>Non-Hispanic (Department of Justice) Asian </attrdef><attalias Sync="TRUE">NH_DOJ_ASN</attalias><attrtype Sync="TRUE">Double</attrtype><attwidth Sync="TRUE">11</attwidth><atprecis Sync="TRUE">11</atprecis><attscale Sync="TRUE">0</attscale></attr><attr xmlns=""><attrlabl>NH_DOJ_HWN</attrlabl><attrdef>Non-Hispanic (Department of Justice) Hawaiian</attrdef><attalias Sync="TRUE">NH_DOJ_HWN</attalias><attrtype Sync="TRUE">Double</attrtype><attwidth Sync="TRUE">11</attwidth><atprecis Sync="TRUE">11</atprecis><attscale Sync="TRUE">0</attscale></attr><attr xmlns=""><attrlabl>NH_DOJ_OTH</attrlabl><attrdef>Non-Hispanic (Department of Justice) Other Race</attrdef><attalias Sync="TRUE">NH_DOJ_OTH</attalias><attrtype Sync="TRUE">Double</attrtype><attwidth Sync="TRUE">11</attwidth><atprecis Sync="TRUE">11</atprecis><attscale Sync="TRUE">0</attscale></attr><attr xmlns=""><attrlabl>NH_DOJ_OT1</attrlabl><attrdef>Non-Hispanic (Department of Justice) Other Multi Race </attrdef><attalias Sync="TRUE">NH_DOJ_OT1</attalias><attrtype Sync="TRUE">Double</attrtype><attwidth Sync="TRUE">11</attwidth><atprecis Sync="TRUE">11</atprecis><attscale Sync="TRUE">0</attscale></attr><attr xmlns=""><attrlabl>F18_POP</attrlabl><attrdef>18+ Population 2010 </attrdef><attalias Sync="TRUE">F18_POP</attalias><attrtype Sync="TRUE">Double</attrtype><attwidth Sync="TRUE">11</attwidth><atprecis Sync="TRUE">11</atprecis><attscale Sync="TRUE">0</attscale></attr><attr xmlns=""><attrlabl>H18_POP</attrlabl><attrdef>18+ Hispanic </attrdef><attalias Sync="TRUE">H18_POP</attalias><attrtype Sync="TRUE">Double</attrtype><attwidth Sync="TRUE">11</attwidth><atprecis Sync="TRUE">11</atprecis><attscale Sync="TRUE">0</attscale></attr><attr xmlns=""><attrlabl>NH18_WHT</attrlabl><attrdef> 18+ Non-Hispanic White </attrdef><attalias Sync="TRUE">NH18_WHT</attalias><attrtype Sync="TRUE">Double</attrtype><attwidth Sync="TRUE">11</attwidth><atprecis Sync="TRUE">11</atprecis><attscale Sync="TRUE">0</attscale></attr><attr xmlns=""><attrlabl>NH18_DOJ_B</attrlabl><attrdef>18+ Non-Hispanic (Department of Justice) Black </attrdef><attalias Sync="TRUE">NH18_DOJ_B</attalias><attrtype Sync="TRUE">Double</attrtype><attwidth Sync="TRUE">11</attwidth><atprecis Sync="TRUE">11</atprecis><attscale Sync="TRUE">0</attscale></attr><attr xmlns=""><attrlabl>NH18_DOJ_I</attrlabl><attrdef>18+ Non-Hispanic (Department of Justice) Indian</attrdef><attalias Sync="TRUE">NH18_DOJ_I</attalias><attrtype Sync="TRUE">Double</attrtype><attwidth Sync="TRUE">11</attwidth><atprecis Sync="TRUE">11</atprecis><attscale Sync="TRUE">0</attscale></attr><attr xmlns=""><attrlabl>NH18_DOJ_A</attrlabl><attrdef>18+ Non-Hispanic (Department of Justice) Asian</attrdef><attalias Sync="TRUE">NH18_DOJ_A</attalias><attrtype Sync="TRUE">Double</attrtype><attwidth Sync="TRUE">11</attwidth><atprecis Sync="TRUE">11</atprecis><attscale Sync="TRUE">0</attscale></attr><attr xmlns=""><attrlabl>NH18_DOJ_H</attrlabl><attrdef> 18+ Non-Hispanic (Department of Justice) Hawaiian</attrdef><attalias Sync="TRUE">NH18_DOJ_H</attalias><attrtype Sync="TRUE">Double</attrtype><attwidth Sync="TRUE">11</attwidth><atprecis Sync="TRUE">11</atprecis><attscale Sync="TRUE">0</attscale></attr><attr xmlns=""><attrlabl>NH18_DOJ_O</attrlabl><attrdef>18+ Non-Hispanic (Department of Justice) Other Race</attrdef><attalias Sync="TRUE">NH18_DOJ_O</attalias><attrtype Sync="TRUE">Double</attrtype><attwidth Sync="TRUE">11</attwidth><atprecis Sync="TRUE">11</atprecis><attscale Sync="TRUE">0</attscale></attr><attr xmlns=""><attrlabl>NH18_DOJ_1</attrlabl><attrdef>18+ Non-Hispanic (Department of Justice) Other Multi Race </attrdef><attalias Sync="TRUE">NH18_DOJ_1</attalias><attrtype Sync="TRUE">Double</attrtype><attwidth Sync="TRUE">11</attwidth><atprecis Sync="TRUE">11</atprecis><attscale Sync="TRUE">0</attscale></attr><attr xmlns=""><attrlabl Sync="TRUE">DEM_INDEX</attrlabl><attalias Sync="TRUE">DEM_INDEX</attalias><attrtype Sync="TRUE">Double</attrtype><attwidth Sync="TRUE">16</attwidth><atprecis Sync="TRUE">15</atprecis><attscale Sync="TRUE">3</attscale></attr><attr xmlns=""><attrlabl Sync="TRUE">REP_INDEX</attrlabl><attalias Sync="TRUE">REP_INDEX</attalias><attrtype Sync="TRUE">Double</attrtype><attwidth Sync="TRUE">16</attwidth><atprecis Sync="TRUE">15</atprecis><attscale Sync="TRUE">3</attscale></attr><attr xmlns=""><attrlabl Sync="TRUE">THIRD_INDE</attrlabl><attalias Sync="TRUE">THIRD_INDE</attalias><attrtype Sync="TRUE">Double</attrtype><attwidth Sync="TRUE">16</attwidth><atprecis Sync="TRUE">15</atprecis><attscale Sync="TRUE">3</attscale></attr><attr xmlns=""><attrlabl Sync="TRUE">INDEX_VOTE</attrlabl><attalias Sync="TRUE">INDEX_VOTE</attalias><attrtype Sync="TRUE">Double</attrtype><attwidth Sync="TRUE">16</attwidth><atprecis Sync="TRUE">15</atprecis><attscale Sync="TRUE">3</attscale></attr><attr xmlns=""><attrlabl>IDEAL_VALU</attrlabl><attrdef>Ideal Population Value</attrdef><attalias Sync="TRUE">IDEAL_VALU</attalias><attrtype Sync="TRUE">Double</attrtype><attwidth Sync="TRUE">12</attwidth><atprecis Sync="TRUE">11</atprecis><attscale Sync="TRUE">4</attscale></attr><attr xmlns=""><attrlabl>DEVIATION</attrlabl><attalias Sync="TRUE">DEVIATION</attalias><attrtype Sync="TRUE">Double</attrtype><attwidth Sync="TRUE">12</attwidth><atprecis Sync="TRUE">11</atprecis><attscale Sync="TRUE">4</attscale></attr><attr xmlns=""><attrlabl>F_DEVIATIO</attrlabl><attalias Sync="TRUE">F_DEVIATIO</attalias><attrtype Sync="TRUE">Double</attrtype><attwidth Sync="TRUE">12</attwidth><atprecis Sync="TRUE">11</atprecis><attscale Sync="TRUE">4</attscale></attr><attr xmlns=""><attrlabl>F_HISPANIC</attrlabl><attalias Sync="TRUE">F_HISPANIC</attalias><attrtype Sync="TRUE">Double</attrtype><attwidth Sync="TRUE">12</attwidth><atprecis Sync="TRUE">11</atprecis><attscale Sync="TRUE">4</attscale></attr><attr xmlns=""><attrlabl>F_NH_WHT</attrlabl><attalias Sync="TRUE">F_NH_WHT</attalias><attrtype Sync="TRUE">Double</attrtype><attwidth Sync="TRUE">12</attwidth><atprecis Sync="TRUE">11</atprecis><attscale Sync="TRUE">4</attscale></attr><attr xmlns=""><attrlabl>F_NH_DOJ_B</attrlabl><attalias Sync="TRUE">F_NH_DOJ_B</attalias><attrtype Sync="TRUE">Double</attrtype><attwidth Sync="TRUE">12</attwidth><atprecis Sync="TRUE">11</atprecis><attscale Sync="TRUE">4</attscale></attr><attr xmlns=""><attrlabl>F_NH_DOJ_I</attrlabl><attalias Sync="TRUE">F_NH_DOJ_I</attalias><attrtype Sync="TRUE">Double</attrtype><attwidth Sync="TRUE">12</attwidth><atprecis Sync="TRUE">11</atprecis><attscale Sync="TRUE">4</attscale></attr><attr xmlns=""><attrlabl>F_NH_DOJ_A</attrlabl><attalias Sync="TRUE">F_NH_DOJ_A</attalias><attrtype Sync="TRUE">Double</attrtype><attwidth Sync="TRUE">12</attwidth><atprecis Sync="TRUE">11</atprecis><attscale Sync="TRUE">4</attscale></attr><attr xmlns=""><attrlabl>F_NH_DOJ_H</attrlabl><attalias Sync="TRUE">F_NH_DOJ_H</attalias><attrtype Sync="TRUE">Double</attrtype><attwidth Sync="TRUE">12</attwidth><atprecis Sync="TRUE">11</atprecis><attscale Sync="TRUE">4</attscale></attr><attr xmlns=""><attrlabl>F_NH_DOJ_O</attrlabl><attalias Sync="TRUE">F_NH_DOJ_O</attalias><attrtype Sync="TRUE">Double</attrtype><attwidth Sync="TRUE">12</attwidth><atprecis Sync="TRUE">11</atprecis><attscale Sync="TRUE">4</attscale></attr><attr xmlns=""><attrlabl>F_NH_DOJ_1</attrlabl><attalias Sync="TRUE">F_NH_DOJ_1</attalias><attrtype Sync="TRUE">Double</attrtype><attwidth Sync="TRUE">12</attwidth><atprecis Sync="TRUE">11</atprecis><attscale Sync="TRUE">4</attscale></attr><attr xmlns=""><attrlabl>F_H18_POP</attrlabl><attalias Sync="TRUE">F_H18_POP</attalias><attrtype Sync="TRUE">Double</attrtype><attwidth Sync="TRUE">12</attwidth><atprecis Sync="TRUE">11</atprecis><attscale Sync="TRUE">4</attscale></attr><attr xmlns=""><attrlabl>F_NH18_WHT</attrlabl><attalias Sync="TRUE">F_NH18_WHT</attalias><attrtype Sync="TRUE">Double</attrtype><attwidth Sync="TRUE">12</attwidth><atprecis Sync="TRUE">11</atprecis><attscale Sync="TRUE">4</attscale></attr><attr xmlns=""><attrlabl>F_NH18_DOJ</attrlabl><attalias Sync="TRUE">F_NH18_DOJ</attalias><attrtype Sync="TRUE">Double</attrtype><attwidth Sync="TRUE">12</attwidth><atprecis Sync="TRUE">11</atprecis><attscale Sync="TRUE">4</attscale></attr><attr xmlns=""><attrlabl>F_NH18_DO1</attrlabl><attalias Sync="TRUE">F_NH18_DO1</attalias><attrtype Sync="TRUE">Double</attrtype><attwidth Sync="TRUE">12</attwidth><atprecis Sync="TRUE">11</atprecis><attscale Sync="TRUE">4</attscale></attr><attr xmlns=""><attrlabl>F_NH18_DO2</attrlabl><attalias Sync="TRUE">F_NH18_DO2</attalias><attrtype Sync="TRUE">Double</attrtype><attwidth Sync="TRUE">12</attwidth><atprecis Sync="TRUE">11</atprecis><attscale Sync="TRUE">4</attscale></attr><attr xmlns=""><attrlabl>F_NH18_DO3</attrlabl><attalias Sync="TRUE">F_NH18_DO3</attalias><attrtype Sync="TRUE">Double</attrtype><attwidth Sync="TRUE">12</attwidth><atprecis Sync="TRUE">11</atprecis><attscale Sync="TRUE">4</attscale></attr><attr xmlns=""><attrlabl>F_NH18_DO4</attrlabl><attalias Sync="TRUE">F_NH18_DO4</attalias><attrtype Sync="TRUE">Double</attrtype><attwidth Sync="TRUE">12</attwidth><atprecis Sync="TRUE">11</atprecis><attscale Sync="TRUE">4</attscale></attr><attr xmlns=""><attrlabl>F_NH18_DO5</attrlabl><attalias Sync="TRUE">F_NH18_DO5</attalias><attrtype Sync="TRUE">Double</attrtype><attwidth Sync="TRUE">12</attwidth><atprecis Sync="TRUE">11</atprecis><attscale Sync="TRUE">4</attscale></attr><attr xmlns=""><attrlabl Sync="TRUE">F_DEM_INDE</attrlabl><attalias Sync="TRUE">F_DEM_INDE</attalias><attrtype Sync="TRUE">Double</attrtype><attwidth Sync="TRUE">12</attwidth><atprecis Sync="TRUE">11</atprecis><attscale Sync="TRUE">4</attscale></attr><attr xmlns=""><attrlabl Sync="TRUE">F_REP_INDE</attrlabl><attalias Sync="TRUE">F_REP_INDE</attalias><attrtype Sync="TRUE">Double</attrtype><attwidth Sync="TRUE">12</attwidth><atprecis Sync="TRUE">11</atprecis><attscale Sync="TRUE">4</attscale></attr><attr xmlns=""><attrlabl Sync="TRUE">F_THIRD_IN</attrlabl><attalias Sync="TRUE">F_THIRD_IN</attalias><attrtype Sync="TRUE">Double</attrtype><attwidth Sync="TRUE">12</attwidth><atprecis Sync="TRUE">11</atprecis><attscale Sync="TRUE">4</attscale></attr><attr xmlns=""><attrlabl>COLORING</attrlabl><attrdef>Map Coloring Caliper</attrdef><attalias Sync="TRUE">COLORING</attalias><attrtype Sync="TRUE">SmallInteger</attrtype><attwidth Sync="TRUE">3</attwidth><atprecis Sync="TRUE">3</atprecis><attscale Sync="TRUE">0</attscale></attr></detailed></eainfo><dataIdInfo><envirDesc Sync="TRUE">Microsoft Windows XP Version 5.1 (Build 2600) Service Pack 3; ESRI ArcGIS 10.0.3.3600</envirDesc><dataLang><languageCode value="eng" Sync="FALSE"/><countryCode value="GB" Sync="TRUE"/></dataLang><idCitation xmlns=""><resTitle Sync="TRUE">C2012</resTitle><presForm xmlns=""><PresFormCd value="005" Sync="TRUE"/></presForm><date><createDate>2012-02-21T00:00:00</createDate></date><citRespParty xmlns=""><rpIndName>Lee Meilleur</rpIndName><rpOrgName>LCC-GIS</rpOrgName><rpPosName>Director</rpPosName><rpCntInfo xmlns=""><cntAddress addressType=""><delPoint>100 Dr. Martin Luther King Jr. Blvd., Suite 55 </delPoint><city>St. Paul</city><adminArea>MN</adminArea><postCode>55155</postCode><eMailAdd>lee.meilleur@gis.leg.mn</eMailAdd><country>USA</country></cntAddress><cntPhone><voiceNum tddtty="">651-296-0098</voiceNum><faxNum>651-297-3699</faxNum></cntPhone></rpCntInfo><role><RoleCd value="007"/></role></citRespParty></idCitation><spatRpType><SpatRepTypCd value="001" Sync="TRUE"/></spatRpType><dataExt xmlns=""><geoEle xmlns=""><GeoBndBox esriExtentType="search"><exTypeCode Sync="TRUE">1</exTypeCode><westBL Sync="TRUE">-97.269828</westBL><eastBL Sync="TRUE">-89.389133</eastBL><northBL Sync="TRUE">49.404414</northBL><southBL Sync="TRUE">43.435244</southBL></GeoBndBox></geoEle><exDesc>State of Minnesota</exDesc></dataExt><idPurp>This database of Congressional District Boundaries was developed from U.S. Census Bureau 2010 TIGER/Line files as a result of the most recent redistricting effort.</idPurp><idAbs>&lt;DIV STYLE="text-align:Left;"&gt;&lt;DIV&gt;&lt;P&gt;&lt;SPAN&gt;This is a polygon data set for the 2012 Congressional Districts&lt;/SPAN&gt;&lt;/P&gt;&lt;/DIV&gt;&lt;/DIV&gt;</idAbs><idCredit>LCC-GIS</idCredit><searchKeys><keyword>Congressional Districts 2012</keyword></searchKeys><themeKeys xmlns=""><keyword>US Congressional Districts, Minnesota, MN</keyword></themeKeys><dataChar><CharSetCd value="004"/></dataChar><idPoC xmlns=""><rpIndName>Lee Meilleur</rpIndName><rpOrgName>LCC-GIS</rpOrgName><rpPosName>Director</rpPosName><rpCntInfo xmlns=""><cntAddress addressType=""><delPoint>100 Dr. Martin Luther King Jr. Blvd., Suite 55 </delPoint><city>St. Paul</city><adminArea>MN</adminArea><postCode>55155</postCode><eMailAdd>lee.meilleur@gis.leg.mn</eMailAdd><country>USA</country></cntAddress><cntPhone><voiceNum tddtty=""> 651-296-0098</voiceNum><faxNum>651-297-3699 </faxNum></cntPhone></rpCntInfo><role><RoleCd value="007"/></role></idPoC><resMaint xmlns=""><maintFreq><MaintFreqCd value="009"/></maintFreq></resMaint><tpCat><TopicCatCd value="003"/></tpCat></dataIdInfo><mdLang><languageCode value="en" Sync="TRUE"/><countryCode value="GB" Sync="TRUE"/></mdLang><distInfo xmlns=""><distFormat xmlns=""><formatName Sync="TRUE">Shapefile</formatName></distFormat><distTranOps xmlns=""><transSize Sync="TRUE">1.181</transSize></distTranOps></distInfo><mdHrLv><ScopeCd value="005" Sync="TRUE"/></mdHrLv><mdHrLvName Sync="TRUE">dataset</mdHrLvName><refSysInfo><RefSystem><refSysID><identCode code="26915" Sync="TRUE" value="26915"/><idCodeSpace Sync="TRUE">EPSG</idCodeSpace><idVersion Sync="TRUE">7.4.1</idVersion></refSysID></RefSystem></refSysInfo><spatRepInfo><VectSpatRep><geometObjs Name="C2012"><geoObjTyp><GeoObjTypCd value="002" Sync="TRUE"></GeoObjTypCd></geoObjTyp><geoObjCnt Sync="TRUE">8</geoObjCnt></geometObjs><topLvl><TopoLevCd value="001" Sync="TRUE"></TopoLevCd></topLvl></VectSpatRep></spatRepInfo><spdoinfo><ptvctinf><esriterm><efeatyp Sync="TRUE">Simple</efeatyp><efeageom code="4" Sync="TRUE"></efeageom><esritopo Sync="TRUE">FALSE</esritopo><efeacnt Sync="TRUE">8</efeacnt><spindex Sync="TRUE">TRUE</spindex><linrefer Sync="TRUE">FALSE</linrefer></esriterm></ptvctinf></spdoinfo><mdDateSt Sync="TRUE">20120223</mdDateSt><mdFileID>C2012</mdFileID><mdChar><CharSetCd value="004"/></mdChar><mdMaint xmlns=""><maintFreq><MaintFreqCd value="009"/></maintFreq></mdMaint></metadata>
