<metadata xml:lang="en"><Esri><CreaDate>20110810</CreaDate><CreaTime>11424700</CreaTime><ArcGISFormat>1.0</ArcGISFormat><SyncOnce>FALSE</SyncOnce><DataProperties><itemProps><itemName Sync="TRUE">Act_44_Congressional_Districts</itemName><imsContentType Sync="TRUE">002</imsContentType><itemLocation><linkage Sync="TRUE">file://\\LTSB-L32161\C$\Data\2012_Districts\Act_44_Congressional_Districts.shp</linkage><protocol Sync="TRUE">Local Area Network</protocol></itemLocation><nativeExtBox><westBL Sync="TRUE">294822.766500</westBL><eastBL Sync="TRUE">773288.397000</eastBL><southBL Sync="TRUE">225108.854600</southBL><northBL Sync="TRUE">734398.384600</northBL><exTypeCode Sync="TRUE">1</exTypeCode></nativeExtBox><itemSize Sync="TRUE">0.000</itemSize></itemProps><coordRef><type Sync="TRUE">Projected</type><geogcsn Sync="TRUE">GCS_North_American_1983_HARN</geogcsn><projcsn Sync="TRUE">NAD_1983_HARN_Wisconsin_TM</projcsn><peXml Sync="TRUE">&lt;ProjectedCoordinateSystem xsi:type='typens:ProjectedCoordinateSystem' xmlns:xsi='http://www.w3.org/2001/XMLSchema-instance' xmlns:xs='http://www.w3.org/2001/XMLSchema' xmlns:typens='http://www.esri.com/schemas/ArcGIS/10.0'&gt;&lt;WKT&gt;PROJCS[&amp;quot;NAD_1983_HARN_Wisconsin_TM&amp;quot;,GEOGCS[&amp;quot;GCS_North_American_1983_HARN&amp;quot;,DATUM[&amp;quot;D_North_American_1983_HARN&amp;quot;,SPHEROID[&amp;quot;GRS_1980&amp;quot;,6378137.0,298.257222101]],PRIMEM[&amp;quot;Greenwich&amp;quot;,0.0],UNIT[&amp;quot;Degree&amp;quot;,0.0174532925199433]],PROJECTION[&amp;quot;Transverse_Mercator&amp;quot;],PARAMETER[&amp;quot;False_Easting&amp;quot;,520000.0],PARAMETER[&amp;quot;False_Northing&amp;quot;,-4480000.0],PARAMETER[&amp;quot;Central_Meridian&amp;quot;,-90.0],PARAMETER[&amp;quot;Scale_Factor&amp;quot;,0.9996],PARAMETER[&amp;quot;Latitude_Of_Origin&amp;quot;,0.0],UNIT[&amp;quot;Meter&amp;quot;,1.0],AUTHORITY[&amp;quot;EPSG&amp;quot;,3071]]&lt;/WKT&gt;&lt;XOrigin&gt;-5100900&lt;/XOrigin&gt;&lt;YOrigin&gt;-14478100&lt;/YOrigin&gt;&lt;XYScale&gt;450445547.3910538&lt;/XYScale&gt;&lt;ZOrigin&gt;-100000&lt;/ZOrigin&gt;&lt;ZScale&gt;10000&lt;/ZScale&gt;&lt;MOrigin&gt;-100000&lt;/MOrigin&gt;&lt;MScale&gt;10000&lt;/MScale&gt;&lt;XYTolerance&gt;0.001&lt;/XYTolerance&gt;&lt;ZTolerance&gt;0.001&lt;/ZTolerance&gt;&lt;MTolerance&gt;0.001&lt;/MTolerance&gt;&lt;HighPrecision&gt;true&lt;/HighPrecision&gt;&lt;WKID&gt;3071&lt;/WKID&gt;&lt;/ProjectedCoordinateSystem&gt;</peXml></coordRef><lineage><Process ToolSource="C:\Program Files (x86)\ArcGIS\Desktop10.0\ArcToolbox\Toolboxes\Conversion Tools.tbx\FeatureClassToFeatureClass" Date="20110708" Time="154116" Name="" export="">FeatureClassToFeatureClass T:\Data\Fitzgerald_Plan_2266_1\Congress\Final\LRB2265_Dissolved.shp "Database Connections\VPRO.sde\ArcSDE.SDE.Redistricting_Bills" Congress_LRB_2265 # "District_N "District_N" true true false 254 Text 0 0 ,First,#,T:\Data\Fitzgerald_Plan_2266_1\Congress\Final\LRB2265_Dissolved.shp,District_N,-1,-1" #</Process><Process ToolSource="C:\Program Files (x86)\ArcGIS\Desktop10.0\ArcToolbox\Toolboxes\Conversion Tools.tbx\FeatureClassToFeatureClass" Date="20111213" Time="102203">FeatureClassToFeatureClass "Database Connections\ArcSDE 10.sde\ArcSDE.SDE.Congressional_Districts_2012\ArcSDE.SDE.Congressional_Districts_2012" C:\Data\2012_Districts Act_44_Congressional_Districts.shp # "District_N "District_N" true true false 254 Text 0 0 ,First,#,Database Connections\ArcSDE 10.sde\ArcSDE.SDE.Congressional_Districts_2012\ArcSDE.SDE.Congressional_Districts_2012,District_N,-1,-1;Shape_area "Shape.area" false false true 0 Double 0 0 ,First,#,Database Connections\ArcSDE 10.sde\ArcSDE.SDE.Congressional_Districts_2012\ArcSDE.SDE.Congressional_Districts_2012,Shape.area,-1,-1;Shape_len "Shape.len" false false true 0 Double 0 0 ,First,#,Database Connections\ArcSDE 10.sde\ArcSDE.SDE.Congressional_Districts_2012\ArcSDE.SDE.Congressional_Districts_2012,Shape.len,-1,-1" #</Process></lineage></DataProperties><SyncDate>20111213</SyncDate><SyncTime>10220200</SyncTime><ModDate>20111213</ModDate><ModTime>10220200</ModTime><ArcGISstyle>FGDC CSDGM Metadata</ArcGISstyle><ArcGISProfile>FGDC</ArcGISProfile></Esri><dataIdInfo><envirDesc Sync="TRUE">Microsoft Windows Server 2008 R2 Version 6.1 (Build 7600) ; ESRI ArcGIS 10.0.0.2414</envirDesc><dataLang><languageCode value="eng" country="USA"/></dataLang><idCitation><resTitle Sync="FALSE">Act 44 Congressional Districts</resTitle><presForm><PresFormCd value="005"/></presForm></idCitation><descKeys><thesaName uuidref="723f6998-058e-11dc-8314-0800200c9a66"/><keyword Sync="TRUE">002</keyword></descKeys><spatRpType><SpatRepTypCd value="001"/></spatRpType><dataExt><geoEle><GeoBndBox esriExtentType="search"><westBL Sync="TRUE">-92.964429</westBL><eastBL Sync="TRUE">-86.666098</eastBL><northBL Sync="TRUE">47.083096</northBL><southBL Sync="TRUE">42.456927</southBL><exTypeCode Sync="TRUE">1</exTypeCode></GeoBndBox></geoEle></dataExt><idPurp>These are the Congressional Districts created by 2011 Wisconsin Act 44.  https://docs.legis.wisconsin.gov/2011/proposals/sb149
</idPurp><idAbs>&lt;DIV STYLE="text-align:Left;"&gt;&lt;DIV&gt;&lt;DIV&gt;&lt;P&gt;&lt;SPAN&gt;These districts were created using the U.S. Census Bureau's TIGER 2010 geography and the 2010 P.L 94-171 redistricting data.This data can be found here &lt;/SPAN&gt;&lt;A href="http://legis.wisconsin.gov/ltsb/redistricting/census2010.htm"&gt;&lt;SPAN&gt;http://legis.wisconsin.gov/ltsb/redistricting/census2010.htm&lt;/SPAN&gt;&lt;/A&gt;&lt;SPAN&gt;.&lt;/SPAN&gt;&lt;/P&gt;&lt;P&gt;&lt;SPAN /&gt;&lt;/P&gt;&lt;/DIV&gt;&lt;/DIV&gt;&lt;/DIV&gt;</idAbs><searchKeys><keyword>Wisconsin</keyword><keyword>Act 44</keyword><keyword>Congress</keyword><keyword>Congressional Districts</keyword></searchKeys><idCredit>Legislative Technology Services Bureau, Legislative Reference Bureau.</idCredit><resConst><Consts><useLimit>None</useLimit></Consts></resConst></dataIdInfo><mdLang><languageCode value="eng"/></mdLang><distInfo xmlns=""><distFormat xmlns=""><formatName Sync="FALSE">ESRI Shapefile</formatName></distFormat><distTranOps><transSize Sync="TRUE">0.000</transSize></distTranOps></distInfo><mdHrLv><ScopeCd value="005"/></mdHrLv><mdHrLvName Sync="TRUE">dataset</mdHrLvName><refSysInfo><RefSystem><refSysID><identCode code="3071"/><idCodeSpace Sync="TRUE">EPSG</idCodeSpace><idVersion Sync="TRUE">7.4.1</idVersion></refSysID></RefSystem></refSysInfo><spdoinfo><ptvctinf><esriterm Name="Act_44_Congressional_Districts"><efeatyp Sync="TRUE">Simple</efeatyp><efeageom Sync="TRUE">4</efeageom><esritopo Sync="TRUE">FALSE</esritopo><efeacnt Sync="TRUE">0</efeacnt><spindex Sync="TRUE">FALSE</spindex><linrefer Sync="TRUE">FALSE</linrefer></esriterm></ptvctinf></spdoinfo><spatRepInfo><VectSpatRep><topLvl><TopoLevCd value="001"/></topLvl><geometObjs><geoObjTyp><GeoObjTypCd value="002"/><geoObjCnt Sync="TRUE">0</geoObjCnt></geoObjTyp></geometObjs></VectSpatRep></spatRepInfo><eainfo><detailed xmlns="" Name="Act_44_Congressional_Districts"><enttyp><enttypl Sync="TRUE">Act_44_Congressional_Districts</enttypl><enttypt Sync="TRUE">Feature Class</enttypt><enttypc Sync="TRUE">0</enttypc></enttyp><attr><attrlabl Sync="TRUE">FID</attrlabl><attalias Sync="TRUE">FID</attalias><attrtype Sync="TRUE">OID</attrtype><attwidth Sync="TRUE">4</attwidth><atprecis Sync="TRUE">0</atprecis><attscale Sync="TRUE">0</attscale><attrdef Sync="TRUE">Internal feature number.</attrdef><attrdefs Sync="TRUE">ESRI</attrdefs><attrdomv><udom Sync="TRUE">Sequential unique whole numbers that are automatically generated.</udom></attrdomv></attr><attr xmlns=""><attrlabl Sync="TRUE">District_N</attrlabl><attalias Sync="TRUE">District_N</attalias><attrtype Sync="TRUE">String</attrtype><attwidth Sync="TRUE">254</attwidth><atprecis Sync="TRUE">0</atprecis><attscale Sync="TRUE">0</attscale><attrdef>Congressional District Number as a string</attrdef></attr><attr xmlns=""><attrlabl Sync="TRUE">Shape</attrlabl><attalias Sync="TRUE">Shape</attalias><attrtype Sync="TRUE">Geometry</attrtype><attwidth Sync="TRUE">0</attwidth><atprecis Sync="TRUE">0</atprecis><attscale Sync="TRUE">0</attscale><attrdef Sync="TRUE">Feature geometry.</attrdef><attrdefs Sync="TRUE">ESRI</attrdefs><attrdomv><udom Sync="TRUE">Coordinates defining the features.</udom></attrdomv></attr><attr><attrlabl Sync="TRUE">Shape_area</attrlabl><attalias Sync="TRUE">Shape_area</attalias><attrtype Sync="TRUE">Double</attrtype><attwidth Sync="TRUE">19</attwidth><atprecis Sync="TRUE">0</atprecis><attscale Sync="TRUE">0</attscale><attrdef Sync="TRUE">Area of feature in internal units squared.</attrdef><attrdefs Sync="TRUE">ESRI</attrdefs><attrdomv><udom Sync="TRUE">Positive real numbers that are automatically generated.</udom></attrdomv></attr><attr><attrlabl Sync="TRUE">Shape_len</attrlabl><attalias Sync="TRUE">Shape_len</attalias><attrtype Sync="TRUE">Double</attrtype><attwidth Sync="TRUE">19</attwidth><atprecis Sync="TRUE">0</atprecis><attscale Sync="TRUE">0</attscale></attr></detailed></eainfo><mdDateSt Sync="TRUE">20111213</mdDateSt></metadata>
