<?xml version="1.0" encoding="ISO-8859-1"?>
<metadata>
<idinfo>
<citation>
<citeinfo>
<origin>Indiana Election Division (IED)</origin>
<origin>Lori Clark (Data provider)</origin>
<origin>Indiana Office of Technology (IOT)</origin>
<origin>James Sparks, State GIO (Data provider)</origin>
<origin>Indiana Geological Survey (IGS)</origin>
<origin>Chris Dintaman(digital compiler)</origin>
<origin>Denver Harper (Data processor)</origin>
<pubdate>20110608</pubdate>
<title>
REDISTRICTING_INDIANA_CONGRESSIONAL_DISTRICTS_2011_IED: Redistricted U.S. Congressional District Boundaries
for Indiana, Established in 2011 (Indiana Election Division, Polygon Shapefile)
</title>
<geoform>Vector digital data</geoform>
<pubinfo>
<pubplace>Bloomington, Indiana</pubplace>
<publish>Indiana Geological Survey (IGS)</publish>
</pubinfo>
<othercit>
This shapefile was derived from a shapefile named &quot;CONGRESS2011,&quot; provided by Lori Clark, Indiana Election Division, and James
Sparks, Indiana Geographic Information Officer, Indiana Office of Technology, on May 12, 2011.
This data set provides the results for the redistricting of U.S. Congressional district boundaries for Indiana for 2011 through 2021.
</othercit>
<onlink>http://igs.indiana.edu/arcims/statewide/download.html</onlink>
</citeinfo>
</citation>
<descript>
<abstract>
This data set shows the results for the redistricting of U.S. Congressional District boundaries for the Indiana for 2011
through 2021. Republicans who control the Indiana House and Senate from the 117th General Assembly oversaw the drawing of new
maps in the Spring of 2011 for all 100 state house and 50 state senate districts and Indiana&apos;s nine congressional seats. New
political districts are drawn every 10 years to incorporate information from the latest U.S. Census.
</abstract>
<purpose>
This shapefile was created to show the results for the redistricting of U.S. Congressional District boundaries for Indiana for
2011 through 2021. Redistricting was completed in early 2011 for all 100 state house and 50 state senate districts and Indiana&apos;s
nine congressional seats.
</purpose>
<supplinf>Associated shapefiles include REDISTRICTING_INDIANA_SENATE_2011_IED.SHP and REDISTRICTING_INDIANA_HOUSE_2011_IED.SHP.</supplinf>
</descript>
<timeperd>
<timeinfo>
<rngdates>
<begdate>20110512</begdate>
<enddate>202101</enddate>
</rngdates>
</timeinfo>
<current>Publication date</current>
</timeperd>
<status>
<progress>Complete</progress>
<update>None planned</update>
</status>
<spdom>
<bounding>
<westbc>-88.0972</westbc>
<eastbc>-84.6884</eastbc>
<northbc>41.7734</northbc>
<southbc>37.7606</southbc>
</bounding>
</spdom>
<keywords>
<theme>
<themekt>IGS Metadata Keyword Thesaurus</themekt>
<themekey>Indiana Geological Survey (IGS)</themekey>
<themekey>Indiana Election Division (IED)</themekey>
<themekey>U.S. Congressional District</themekey>
<themekey>U.S. Congress</themekey>
<themekey>congress district (CD)</themekey>
<themekey>District</themekey>
<themekey>Redistricting</themekey>
</theme>
<theme>
<themekt>Geography Network Keyword Thesaurus</themekt>
<themekey>boundaries</themekey>
</theme>
<place>
<placekt>None</placekt>
<placekey>Indiana</placekey>
<placekey>Adams County</placekey>
<placekey>Allen County</placekey>
<placekey>Bartholomew County</placekey>
<placekey>Benton County</placekey>
<placekey>Blackford County</placekey>
<placekey>Boone County</placekey>
<placekey>Brown County</placekey>
<placekey>Carroll County</placekey>
<placekey>Cass County</placekey>
<placekey>Clark County</placekey>
<placekey>Clay County</placekey>
<placekey>Clinton County</placekey>
<placekey>Crawford County</placekey>
<placekey>Daviess County</placekey>
<placekey>Dearborn County</placekey>
<placekey>Decatur County</placekey>
<placekey>DeKalb County</placekey>
<placekey>Delaware County</placekey>
<placekey>Dubois County</placekey>
<placekey>Elkhart County</placekey>
<placekey>Fayette County</placekey>
<placekey>Floyd County</placekey>
<placekey>Fountain County</placekey>
<placekey>Franklin County</placekey>
<placekey>Fulton County</placekey>
<placekey>Gibson County</placekey>
<placekey>Grant County</placekey>
<placekey>Greene County</placekey>
<placekey>Hamilton County</placekey>
<placekey>Hancock County</placekey>
<placekey>Harrison County</placekey>
<placekey>Hendricks County</placekey>
<placekey>Henry County</placekey>
<placekey>Howard County</placekey>
<placekey>Huntington County</placekey>
<placekey>Jackson County</placekey>
<placekey>Jasper County</placekey>
<placekey>Jay County</placekey>
<placekey>Jefferson County</placekey>
<placekey>Jennings County</placekey>
<placekey>Johnson County</placekey>
<placekey>Knox County</placekey>
<placekey>Kosciusko County</placekey>
<placekey>Lagrange County</placekey>
<placekey>Lake County</placekey>
<placekey>LaPorte County</placekey>
<placekey>Lawrence County</placekey>
<placekey>Madison County</placekey>
<placekey>Marion County</placekey>
<placekey>Marshall County</placekey>
<placekey>Martin County</placekey>
<placekey>Miami County</placekey>
<placekey>Monroe County</placekey>
<placekey>Montgomery County</placekey>
<placekey>Morgan County</placekey>
<placekey>Newton County</placekey>
<placekey>Noble County</placekey>
<placekey>Ohio County</placekey>
<placekey>Orange County</placekey>
<placekey>Owen County</placekey>
<placekey>Parke County</placekey>
<placekey>Perry County</placekey>
<placekey>Pike County</placekey>
<placekey>Porter County</placekey>
<placekey>Posey County</placekey>
<placekey>Pulaski County</placekey>
<placekey>Putnam County</placekey>
<placekey>Randolph County</placekey>
<placekey>Ripley County</placekey>
<placekey>Rush County</placekey>
<placekey>Scott County</placekey>
<placekey>Shelby County</placekey>
<placekey>Spencer County</placekey>
<placekey>St Joseph County</placekey>
<placekey>Starke County</placekey>
<placekey>Steuben County</placekey>
<placekey>Sullivan County</placekey>
<placekey>Switzerland County</placekey>
<placekey>Tippecanoe County</placekey>
<placekey>Tipton County</placekey>
<placekey>Union County</placekey>
<placekey>Vanderburgh County</placekey>
<placekey>Vermillion County</placekey>
<placekey>Vigo County</placekey>
<placekey>Wabash County</placekey>
<placekey>Warren County</placekey>
<placekey>Warrick County</placekey>
<placekey>Washington County</placekey>
<placekey>Wayne County</placekey>
<placekey>Wells County</placekey>
<placekey>White County</placekey>
<placekey>Whitley County</placekey>
</place>
</keywords>
<accconst>
This file is available to anyone, but access may be contingent on written request, specific terms
relevant to the agency or person making the request, and/or current freedom of information statutes
in the state of Indiana.
</accconst>
<useconst>
DATA DISCLAIMER:

This data set was compiled by Indiana University, Indiana Geological Survey, using data believed to be accurate; however, a degree of
error is inherent in all data. This product is distributed &quot;AS-IS&quot; without warranties of any kind, either expressed or implied,
including but not limited to warranties of suitability to a particular purpose or use. No attempt has been made in either the design
or production of these data to define the limits or jurisdiction of any federal, state, or local government. These data are intended
for use only at the published scale or smaller and are for reference purposes only. They are not to be construed as a legal document
or survey instrument. A detailed on-the- ground survey and historical analysis of a single site may differ from these data.

CREDIT:

It is requested that the Indiana Geological Survey be cited in any products generated from this data. The following source citation
should be included: [REDISTRICTING_INDIANA_CONGRESSIONAL_DISTRICTS_2011_IED: Redistricted U.S. Congressional District Boundaries
for Indiana, Established in 2011 (Indiana Election Division, Polygon Shapefile)].

WARRANTY:

Indiana University, Indiana Geological Survey warrants that the media on which this product is stored will be free from defect in materials
and workmanship for ninety (90) days from the date of acquisition. If such a defect is found, return the media to Publication Sales, Indiana
Geological Survey, 611 North Walnut Grove, Bloomington, Indiana 47405 2208, and it will be replaced free of charge.

LIMITATION OF WARRANTIES AND LIABILITY:

Except for the expressed warranty above, the product is provided &quot;AS IS&quot;, without any other warranties or conditions, expressed or implied,
including, but not limited to, warranties for product quality, or suitability to a particular purpose or use. The risk or liability resulting
from the use of this product is assumed by the user. Indiana University, Indiana Geological Survey shares no liability with product users
indirect, incidental, special, or consequential damages whatsoever, including, but not limited to, loss of revenue or profit, lost or damaged
data or other commercial or economic loss. Indiana University, Indiana Geological Survey is not responsible for claims by a third party. The
maximum aggregate liability to the original purchaser shall not exceed the amount paid by you for the product.
</useconst>
<ptcontac>
<cntinfo>
<cntorgp>
<cntorg>Indiana Election Division</cntorg>
</cntorgp>
<cntaddr>
<addrtype>Mailing and physical address</addrtype>
<address>302 West Washington Street (E204)</address>
<city>Indianapolis</city>
<state>Indiana</state>
<postal>46204</postal>
<country>USA</country>
</cntaddr>
<cntvoice>317 232 3938</cntvoice>
<cntemail>lclark@iec.in.gov</cntemail>
<hours>0800 to 1700 Eastern Standard Time</hours>
<cntinst>Monday through Friday, except holidays</cntinst>
</cntinfo>
</ptcontac>
<native>Windows 7 Enterprise operating system; ESRI ArcGIS 10.0 shapefile; 120 Kb</native>
</idinfo>
<dataqual>
<attracc>
<attraccr>The attributes were derived from the official Web site of the Indiana General Assembly, and are assumed to be correct.</attraccr>
</attracc>
<logic>No checks for topological consistency were performed on this data set.</logic>
<complete>This data set provides the U.S. Congressional District boundaries for Indiana, established in 2011, and is assumed to be complete.</complete>
<posacc>
<horizpa>
<horizpar>
No information was provided by the U.S. Census Bureau pertaining to the horizontal positional accuracy
of the source data.
</horizpar>
</horizpa>
<vertacc>
<vertaccr>The vertical positional accuracy was not a factor in the production of this data.</vertaccr>
</vertacc>
</posacc>
<lineage>
<srcinfo>
<srccite>
<citeinfo>
<origin>Indiana Election Division</origin>
<pubdate>20110512</pubdate>
<title>CONGRESS2011.SHP</title>
<edition>1.0</edition>
<geoform>Vector digital data</geoform>
<pubinfo>
<pubplace>Indianapolis, Indiana</pubplace>
<publish>Indiana Election Division</publish>
</pubinfo>
<othercit>None</othercit>
<onlink>None</onlink>
</citeinfo>
</srccite>
<typesrc>Vector digital data</typesrc>
<srctime>
<timeinfo>
<rngdates>
<begdate>20110512</begdate>
<enddate>202101</enddate>
</rngdates>
</timeinfo>
<srccurr>Publication date</srccurr>
</srctime>
<srccitea>CONGRESS2011.SHP</srccitea>
<srccontr>U.S Congressional District boundaries for Indiana</srccontr>
</srcinfo>
<procstep>
<procdesc>
An ESRI shapefile named &quot;CONGRESS2011&quot; was provided to personnel of the Indiana Geological Survey on May 12, 2011,
by James Sparks, Indiana State Geographic Information Officer. Mr. Sparks had previously obtained the layer from
Lori Clark, Indiana Election Division. It was reprojected from &quot;GCS_North_American_1983&quot;  coordinate system to
UTM Zone 16, NAD83 coordinate system, using ESRI ArcToolBox. It was then renamed
REDISTRICTING_INDIANA_CONGRESSIONAL_DISTRICTS_2011_IED.SHP to conform to naming conventions of the Indiana Geological Survey.
</procdesc>
<srcused>CONGRESS2011.SHP</srcused>
<procdate>20110512</procdate>
<srcprod>REDISTRICTING_INDIANA_CONGRESSIONAL_DISTRICTS_2011_IED.SHP</srcprod>
<proccont>
<cntinfo>
<cntorgp>
<cntorg>Indiana Geological Survey</cntorg>
<cntper>Chris Dintaman</cntper>
</cntorgp>
<cntpos>Geologist</cntpos>
<cntaddr>
<addrtype>Mailing and physical address</addrtype>
<address>611 North Walnut Grove</address>
<city>Bloomington</city>
<state>Indiana</state>
<postal>47405 2208</postal>
<country>USA</country>
</cntaddr>
<cntvoice>812 856 5654</cntvoice>
<cntfax>812 855 2862</cntfax>
<cntemail>cdintama@indiana.edu</cntemail>
<hours>0800 to 1700 Eastern Standard Time</hours>
<cntinst>Monday through Friday, except holidays</cntinst>
</cntinfo>
</proccont>
</procstep>
<procstep>
<procdesc>
This metadata file was pre-parsed and parsed using CNS (Chew and Spit, v. 2.6.1) and MP (Metadata
Parser, v. 2.7.1) software written by Peter N. Schweitzer (U.S. Geological Survey). The errors generated
by MP were all addressed and corrected, except that no values were assigned to &quot;Abscissa_Resolution&quot;
and &quot;Ordinate_Resolution.&quot;
</procdesc>
<procdate>20110623</procdate>
<proccont>
<cntinfo>
<cntperp>
<cntper>Denver Harper</cntper>
<cntorg>Indiana Geological Survey</cntorg>
</cntperp>
<cntpos>Geologist/GIS Specialist</cntpos>
<cntaddr>
<addrtype>Mailing and physical address</addrtype>
<address>611 North Walnut Grove</address>
<city>Bloomington</city>
<state>Indiana</state>
<postal>47405 2208</postal>
<country>USA</country>
</cntaddr>
<cntvoice>812 855 1369</cntvoice>
<cntfax>812 855 2862</cntfax>
<cntemail>dharper@indiana.edu</cntemail>
<hours>0800 to 1700 Eastern Standard Time</hours>
<cntinst>Monday through Friday, except holidays</cntinst>
</cntinfo>
</proccont>
</procstep>
</lineage>
</dataqual>
<spdoinfo>
<indspref>Indiana</indspref>
<direct>Vector</direct>
<ptvctinf>
<sdtsterm>
<sdtstype>GT-polygon composed of chains</sdtstype>
<ptvctcnt>9</ptvctcnt>
</sdtsterm>
</ptvctinf>
</spdoinfo>
<spref>
<horizsys>
<planar>
<gridsys>
<gridsysn>Universal Transverse Mercator</gridsysn>
<utm>
<utmzone>16</utmzone>
<transmer>
<sfctrmer>0.999600</sfctrmer>
<longcm>-87.000000</longcm>
<latprjo>0.000000</latprjo>
<feast>500000.000000</feast>
<fnorth>0.000000</fnorth>
</transmer>
</utm>
</gridsys>
<planci>
<plance>Coordinate pair</plance>
<coordrep>
<absres></absres>
<ordres></ordres>
</coordrep>
<plandu>Meters</plandu>
</planci>
</planar>
<geodetic>
<horizdn>North American Datum of 1983</horizdn>
<ellips>GRS 80</ellips>
<semiaxis>6378137.0000000</semiaxis>
<denflat>298.26</denflat>
</geodetic>
</horizsys>
</spref>
<eainfo>
<detailed>
<enttyp>
<enttypl>REDISTRICTING_INDIANA_CONGRESSIONAL_DISTRICTS_2011_IED.dbf</enttypl>
<enttypd>Shapefile Attribute Table</enttypd>
<enttypds>None</enttypds>
</enttyp>
<attr>
<attrlabl>FID</attrlabl>
<attrdef>Feature identification number</attrdef>
<attrdefs>Software generated</attrdefs>
<attrdomv>
<udom>Software computed</udom>
</attrdomv>
</attr>
<attr>
<attrlabl>Shape</attrlabl>
<attrdef>Polygon</attrdef>
<attrdefs>Software generated</attrdefs>
<attrdomv>
<udom>Software computed</udom>
</attrdomv>
</attr>
<attr>
<attrlabl>DISTRICT_N</attrlabl>
<attrdef>U.S Congressional District Number for Indiana (nine total)</attrdef>
<attrdefs>Indiana General Assembly</attrdefs>
<attrdomv>
<udom>Numerical desgination of the Indiana U.S Congressional District Number</udom>
</attrdomv>
</attr>
<attr>
<attrlabl>CD</attrlabl>
<attrdef>U.S Congressional District Number for Indiana listed as a three-digit code</attrdef>
<attrdefs>Indiana General Assembly</attrdefs>
<attrdomv>
<udom>Numerical desgination of the Indiana U.S Congressional District Number</udom>
</attrdomv>
</attr>
<attr>
<attrlabl>DIST_NAME</attrlabl>
<attrdef>U.S Congressional District Name for Indiana</attrdef>
<attrdefs>Indiana General Assembly</attrdefs>
<attrdomv>
<udom>Character field</udom>
</attrdomv>
</attr>
</detailed>
</eainfo>
<distinfo>
<distrib>
<cntinfo>
<cntorgp>
<cntorg>Indiana Geological Survey</cntorg>
<cntper>Publication Sales</cntper>
</cntorgp>
<cntpos>Clerk</cntpos>
<cntaddr>
<addrtype>Mailing and physical address</addrtype>
<address>611 North Walnut Grove</address>
<city>Bloomington</city>
<state>Indiana</state>
<postal>47405 2208</postal>
<country>USA</country>
</cntaddr>
<cntvoice>812 855 7636</cntvoice>
<cntfax>812 855 2862</cntfax>
<cntemail>IGSinfo@indiana.edu</cntemail>
<hours>0800 to 1700 Eastern Standard Time</hours>
<cntinst>Monday through Friday, except holidays</cntinst>
</cntinfo>
</distrib>
<resdesc>Downloadable data</resdesc>
<distliab>
CREDIT:

It is requested that the Indiana Geological Survey be cited in any products generated from this data. The following source citation
should be included: [REDISTRICTING_INDIANA_CONGRESSIONAL_DISTRICTS_2011_IED: Redistricted U.S. Congressional District Boundaries
for Indiana, Established in 2011 (Indiana Election Division, Polygon Shapefile)].

WARRANTY:

Indiana University, Indiana Geological Survey warrants that the media on which this product is stored will be free from defect in materials
and workmanship for ninety (90) days from the date of acquisition. If such a defect is found, return the media to Publication Sales, Indiana
Geological Survey, 611 North Walnut Grove, Bloomington, Indiana 47405 2208, and it will be replaced free of charge.

LIMITATION OF WARRANTIES AND LIABILITY:

Except for the expressed warranty above, the product is provided &quot;AS IS&quot;, without any other warranties or conditions, expressed or implied,
including, but not limited to, warranties for product quality, or suitability to a particular purpose or use. The risk or liability resulting
from the use of this product is assumed by the user. Indiana University, Indiana Geological Survey shares no liability with product users
indirect, incidental, special, or consequential damages whatsoever, including, but not limited to, loss of revenue or profit, lost or damaged
data or other commercial or economic loss. Indiana University, Indiana Geological Survey is not responsible for claims by a third party. The
maximum aggregate liability to the original purchaser shall not exceed the amount paid by you for the product.
</distliab>
</distinfo>
<metainfo>
<metd>20110512</metd>
<metrd>20110623</metrd>
<metc>
<cntinfo>
<cntorgp>
<cntorg>Indiana Geological Survey</cntorg>
<cntper>Denver Harper</cntper>
</cntorgp>
<cntpos>Geologist/GIS Specialist</cntpos>
<cntaddr>
<addrtype>Mailing and physical address</addrtype>
<address>611 North Walnut Grove</address>
<city>Bloomington</city>
<state>Indiana</state>
<postal>47405 2208</postal>
<country>USA</country>
</cntaddr>
<cntvoice>812 855 1369</cntvoice>
<cntfax>812 855 2862</cntfax>
<cntemail>dharper@indiana.edu</cntemail>
<hours>0800 to 1700 Eastern Standard Time</hours>
<cntinst>Monday through Friday, except holidays</cntinst>
</cntinfo>
</metc>
<metstdn>FGDC-CSDGM</metstdn>
<metstdv>FGDC-STD-001-1998</metstdv>
<metac>None</metac>
<metuc>
This metadata file is intended to accompany the
data set identified and received from the IGS. It is not to be altered or
summarized. IGS does not support secondary distribution. If this data
set was received from anyone other than the IGS, this metadata file and the
data set it describes may lack integrity.
</metuc>
</metainfo>
</metadata>
